-- ************
-- Images
-- No Blob nor base 64 in order to keep the script small
-- ************
INSERT INTO ltimage (id, image_path, is_default) VALUES (1,'img/2default.png',true);
INSERT INTO ltimage (id, image_path, is_default) VALUES (2,'img/1default.png',true);
INSERT INTO ltimage (id, image_path, is_default) VALUES (3,'img/0default.png',true);
INSERT INTO ltimage (id, image_path, is_default) VALUES (4,'img/ingredient/default.png',true);
INSERT INTO ltimage (id, image_path, is_default) VALUES (5,'img/ingredient/Avocat.png',false);
INSERT INTO ltimage (id, image_path, is_default) VALUES (6,'img/ingredient/Boîte de thon au naturel.png',false);
INSERT INTO ltimage (id, image_path, is_default) VALUES (7,'img/ingredient/Mayonnaise.png',false);
INSERT INTO ltimage (id, image_path, is_default) VALUES (8,'img/ingredient/Sel.png',false);
INSERT INTO ltimage (id, image_path, is_default) VALUES (9,'img/ingredient/Poivre.png',false);
INSERT INTO ltimage (id, image_path, is_default) VALUES (10,'img/ingredient/Pommes de terre.png',false);
INSERT INTO ltimage (id, image_path, is_default) VALUES (11,'img/ingredient/Lait.png',false);
INSERT INTO ltimage (id, image_path, is_default) VALUES (12,'img/ingredient/Lait de coco.png',false);
INSERT INTO ltimage (id, image_path, is_default) VALUES (13,'img/ingredient/Farine.png',false);
INSERT INTO ltimage (id, image_path, is_default) VALUES (14,'img/ingredient/Oeuf.png',false);
INSERT INTO ltimage (id, image_path, is_default) VALUES (15,'img/ingredient/Fromage râpé.png',false);
INSERT INTO ltimage (id, image_path, is_default) VALUES (16,'img/ingredient/Citron vert.png',false);
INSERT INTO ltimage (id, image_path, is_default) VALUES (17,'img/ingredient/Orange.png',false);
INSERT INTO ltimage (id, image_path, is_default) VALUES (18,'img/ingredient/Poivron rouge.png',false);
INSERT INTO ltimage (id, image_path, is_default) VALUES (19,'img/ingredient/Carotte.png',false);
INSERT INTO ltimage (id, image_path, is_default) VALUES (20,'img/ingredient/Oignon.png',false);
INSERT INTO ltimage (id, image_path, is_default) VALUES (21,'img/ingredient/Sauce soja.png',false);
INSERT INTO ltimage (id, image_path, is_default) VALUES (22,'img/ingredient/Sauce thaï sucrée pimentée.png',false);
INSERT INTO ltimage (id, image_path, is_default) VALUES (23,'img/ingredient/Piment d''espelette.png',false);
INSERT INTO ltimage (id, image_path, is_default) VALUES (24,'img/ingredient/Noix de saint jacques.png',false);
INSERT INTO ltimage (id, image_path, is_default) VALUES (25,'img/ingredient/Huile d''olive.png',false);
INSERT INTO ltimage (id, image_path, is_default) VALUES (26,'img/ingredient/Miel.png',false);
INSERT INTO ltimage (id, image_path, is_default) VALUES (27,'img/ingredient/Poireau.png',false);
INSERT INTO ltimage (id, image_path, is_default) VALUES (28,'img/ingredient/Concombre.png',false);
INSERT INTO ltimage (id, image_path, is_default) VALUES (29,'img/ingredient/Raisin sec.png',false);
INSERT INTO ltimage (id, image_path, is_default) VALUES (30,'img/ingredient/Paprika.png',false);
INSERT INTO ltimage (id, image_path, is_default) VALUES (31,'img/ingredient/Curry.png',false);
INSERT INTO ltimage (id, image_path, is_default) VALUES (32,'img/ingredient/Cumin.png',false);
INSERT INTO ltimage (id, image_path, is_default) VALUES (33,'img/meal/default.png',true);
INSERT INTO ltimage (id, image_path, is_default) VALUES (34,'img/meal/Endives au jambon.png',false);
INSERT INTO ltimage (id, image_path, is_default) VALUES (35,'img/meal/Tomates farcies.png',false);
INSERT INTO ltimage (id, image_path, is_default) VALUES (36,'img/meal/Hachis parmentier.png',false);
INSERT INTO ltimage (id, image_path, is_default) VALUES (37,'img/meal/Filet mignon aux champignons.png',false);
INSERT INTO ltimage (id, image_path, is_default) VALUES (38,'img/meal/Soupes.png',false);
INSERT INTO ltimage (id, image_path, is_default) VALUES (39,'img/meal/Croque-monsieur.png',false);
INSERT INTO ltimage (id, image_path, is_default) VALUES (40,'img/meal/Pates carbonara.png',false);
INSERT INTO ltimage (id, image_path, is_default) VALUES (41,'img/meal/Pates bolognaise.png',false);
INSERT INTO ltimage (id, image_path, is_default) VALUES (42,'img/meal/Saumon grillé.png',false);
INSERT INTO ltimage (id, image_path, is_default) VALUES (43,'img/meal/Carry saucisse.png',false);
INSERT INTO ltimage (id, image_path, is_default) VALUES (44,'img/meal/Saucisses.png',false);
INSERT INTO ltimage (id, image_path, is_default) VALUES (45,'img/meal/Steak.png',false);
INSERT INTO ltimage (id, image_path, is_default) VALUES (46,'img/meal/Merlan.png',false);
INSERT INTO ltimage (id, image_path, is_default) VALUES (47,'img/meal/Cabillaud en papillote.png',false);
INSERT INTO ltimage (id, image_path, is_default) VALUES (48,'img/meal/Cordon bleu.png',false);
INSERT INTO ltimage (id, image_path, is_default) VALUES (49,'img/meal/Poulet roti.png',false);
INSERT INTO ltimage (id, image_path, is_default) VALUES (50,'img/meal/Curry de porc au lait de coco.png',false);
INSERT INTO ltimage (id, image_path, is_default) VALUES (51,'img/meal/Oeufs à la coque.png',false);
INSERT INTO ltimage (id, image_path, is_default) VALUES (52,'img/meal/Hamburger maison.png',false);
INSERT INTO ltimage (id, image_path, is_default) VALUES (53,'img/meal/Omelette.png',false);
INSERT INTO ltimage (id, image_path, is_default) VALUES (54,'img/meal/Quiche lorraine.png',false);
INSERT INTO ltimage (id, image_path, is_default) VALUES (55,'img/meal/Flamiche aux poireaux.png',false);
INSERT INTO ltimage (id, image_path, is_default) VALUES (56,'img/meal/Saint-jacques et fondue de poireaux.png',false);
INSERT INTO ltimage (id, image_path, is_default) VALUES (57,'img/meal/Côtes porc.png',false);
INSERT INTO ltimage (id, image_path, is_default) VALUES (58,'img/meal/Tranches de gigot poelées.png',false);
INSERT INTO ltimage (id, image_path, is_default) VALUES (59,'img/meal/Canard aux olives.png',false);
INSERT INTO ltimage (id, image_path, is_default) VALUES (60,'img/meal/Emincé de dinde à la crème.png',false);
INSERT INTO ltimage (id, image_path, is_default) VALUES (61,'img/meal/Soles meunières.png',false);
INSERT INTO ltimage (id, image_path, is_default) VALUES (62,'img/meal/Salade composée.png',false);
INSERT INTO ltimage (id, image_path, is_default) VALUES (63,'img/meal/Moussaka.png',false);
INSERT INTO ltimage (id, image_path, is_default) VALUES (64,'img/meal/Lasagnes à la bolognaise.png',false);
INSERT INTO ltimage (id, image_path, is_default) VALUES (65,'img/meal/Crêpes au jambon.png',false);
INSERT INTO ltimage (id, image_path, is_default) VALUES (66,'img/meal/Tartiflette.png',false);
INSERT INTO ltimage (id, image_path, is_default) VALUES (67,'img/meal/Pizza reine.png',false);
INSERT INTO ltimage (id, image_path, is_default) VALUES (68,'img/meal/Rôti de veau.png',false);
INSERT INTO ltimage (id, image_path, is_default) VALUES (69,'img/meal/Flan au caramel.png',false);
INSERT INTO ltimage (id, image_path, is_default) VALUES (70,'img/meal/Beignet au sucre.png',false);
INSERT INTO ltimage (id, image_path, is_default) VALUES (71,'img/meal/Crumble pommes.png',false);
INSERT INTO ltimage (id, image_path, is_default) VALUES (72,'img/meal/Coca cola 33cl.png',false);
INSERT INTO ltimage (id, image_path, is_default) VALUES (73,'img/meal/Eau 33cl.png',false);
INSERT INTO ltimage (id, image_path, is_default) VALUES (74,'img/meal/Ice Tea 33cl.png',false);
INSERT INTO ltimage (id, image_path, is_default) VALUES (75,'img/menu/default.png',true);

-- ************
-- Users
-- First one has the Lunch Lady role
-- ************
INSERT INTO ltuser (id, status, password, email, sex, name, firstname, wallet, registration_date, phone, address, postal_code, town, image_id) VALUES (1,0,'bonjour','toto@gmail.com',0,'Durant','Albert',50.00,'2019-03-02 15:17:28','0148567897','43 rue de la Prairie','75000','Paris',3);
INSERT INTO ltuser (id, status, password, email, sex, name, firstname, wallet, registration_date, phone, address, postal_code, town, image_id) VALUES (2,0,'bonjour','justi.lenoi@gmail.com',1,'Lenoir','Justine',0.00,'2019-03-02 15:17:29',NULL,NULL,NULL,NULL,2);
INSERT INTO ltuser (id, status, password, email, sex, name, firstname, wallet, registration_date, phone, address, postal_code, town, image_id) VALUES (3,0,'bonjour','melin.barre@stone.fr',1,'Barre','Meline',0.00,'2019-03-02 15:17:29',NULL,'11 RUE SAINT PIERRE','25580','ATHOSE',2);
INSERT INTO ltuser (id, status, password, email, sex, name, firstname, wallet, registration_date, phone, address, postal_code, town, image_id) VALUES (4,0,'bonjour','roman.huet@gmail.com',1,'Huet','Romane',73.56,'2019-03-02 15:17:29','4030234549','27 RUE DE LA LOUVIERE','33340','GAILLAN EN MEDOC',2);
INSERT INTO ltuser (id, status, password, email, sex, name, firstname, wallet, registration_date, phone, address, postal_code, town, image_id) VALUES (5,0,'bonjour','natha.barbe@stone.fr',0,'Barbe','Nathan',70.79,'2019-03-02 15:17:29','1653730317','9 RUE DU SUREAU','45520','GIDY',3);
INSERT INTO ltuser (id, status, password, email, sex, name, firstname, wallet, registration_date, phone, address, postal_code, town, image_id) VALUES (6,0,'bonjour','clara.bouch@gmail.com',1,'Bouchet','Clara',0.00,'2019-03-02 15:17:29','7154031199',NULL,NULL,NULL,2);
INSERT INTO ltuser (id, status, password, email, sex, name, firstname, wallet, registration_date, phone, address, postal_code, town, image_id) VALUES (7,0,'bonjour','amand.charp@stone.fr',1,'Charpentier','Amandine',0.00,'2019-03-02 15:17:29','0597467283',NULL,NULL,NULL,2);
INSERT INTO ltuser (id, status, password, email, sex, name, firstname, wallet, registration_date, phone, address, postal_code, town, image_id) VALUES (8,0,'bonjour','fabie.vasse@gmail.com',0,'Vasseur','Fabien',0.00,'2019-03-02 15:17:29','1334963890',NULL,NULL,NULL,3);
INSERT INTO ltuser (id, status, password, email, sex, name, firstname, wallet, registration_date, phone, address, postal_code, town, image_id) VALUES (9,0,'bonjour','samue.lefev@free.fr',0,'Lefevre','Samuel',0.00,'2019-03-02 15:17:29','0609467942','21 RUE DE SAINT OMER','62700','BRUAY LA BUISSIERE',3);
INSERT INTO ltuser (id, status, password, email, sex, name, firstname, wallet, registration_date, phone, address, postal_code, town, image_id) VALUES (10,0,'bonjour','elsa.ruiz@aol.com',1,'Ruiz','Elsa',0.00,'2019-03-02 15:17:29','7550002684',NULL,NULL,NULL,2);
INSERT INTO ltuser (id, status, password, email, sex, name, firstname, wallet, registration_date, phone, address, postal_code, town, image_id) VALUES (11,0,'bonjour','hugo.lefor@free.fr',0,'Lefort','Hugo',0.00,'2019-03-02 15:17:29','7415498916','10 RUE DE LA RESISTANCE','25930','LODS',3);
INSERT INTO ltuser (id, status, password, email, sex, name, firstname, wallet, registration_date, phone, address, postal_code, town, image_id) VALUES (12,0,'bonjour','louna.duham@orange.fr',1,'Duhamel','Louna',29.59,'2019-03-02 15:17:29','6046117561','75 RUE KLEBER','62580','THELUS',2);
INSERT INTO ltuser (id, status, password, email, sex, name, firstname, wallet, registration_date, phone, address, postal_code, town, image_id) VALUES (13,0,'bonjour','roman.cohen@orange.fr',1,'Cohen','Romane',16.66,'2019-03-02 15:17:29',NULL,NULL,NULL,NULL,2);
INSERT INTO ltuser (id, status, password, email, sex, name, firstname, wallet, registration_date, phone, address, postal_code, town, image_id) VALUES (14,0,'bonjour','ayoub.marti@orange.fr',0,'Martinez','Ayoub',0.00,'2019-03-02 15:17:29',NULL,'1 RTE DE NARBONNE','60570','MORTEFONTAINE EN THELLE',3);
INSERT INTO ltuser (id, status, password, email, sex, name, firstname, wallet, registration_date, phone, address, postal_code, town, image_id) VALUES (15,0,'bonjour','laura.simon@orange.fr',1,'Simonet','Laura',60.56,'2019-03-02 15:17:29','2045794895',NULL,NULL,NULL,2);
INSERT INTO ltuser (id, status, password, email, sex, name, firstname, wallet, registration_date, phone, address, postal_code, town, image_id) VALUES (16,0,'bonjour','lilou.lecle@free.fr',1,'Leclerc','Lilou',0.00,'2019-03-02 15:17:29',NULL,'6 CHEMIN DU LEVANT','50300','VAINS',2);
INSERT INTO ltuser (id, status, password, email, sex, name, firstname, wallet, registration_date, phone, address, postal_code, town, image_id) VALUES (17,0,'bonjour','thiba.micha@stone.fr',0,'Michaud','Thibault',0.00,'2019-03-02 15:17:29','9789491067',NULL,NULL,NULL,3);
INSERT INTO ltuser (id, status, password, email, sex, name, firstname, wallet, registration_date, phone, address, postal_code, town, image_id) VALUES (18,0,'bonjour','clara.guyot@gmail.com',1,'Guyot','Clara',5.54,'2019-03-02 15:17:29',NULL,NULL,NULL,NULL,2);
INSERT INTO ltuser (id, status, password, email, sex, name, firstname, wallet, registration_date, phone, address, postal_code, town, image_id) VALUES (19,0,'bonjour','ameli.poiri@gmail.com',1,'Poirier','Amelie',0.00,'2019-03-02 15:17:29','8060732466',NULL,NULL,NULL,2);
INSERT INTO ltuser (id, status, password, email, sex, name, firstname, wallet, registration_date, phone, address, postal_code, town, image_id) VALUES (20,0,'bonjour','valen.gomez@free.fr',0,'Gomez','Valentin',0.00,'2019-03-02 15:17:29','8591126309','15 RUE GAMBETTA','39320','ST JULIEN',3);
INSERT INTO ltuser (id, status, password, email, sex, name, firstname, wallet, registration_date, phone, address, postal_code, town, image_id) VALUES (21,0,'bonjour','leo.micha@aol.com',0,'Michaud','Leo',35.72,'2019-03-02 15:17:29','9078630483',NULL,NULL,NULL,2);
INSERT INTO ltuser (id, status, password, email, sex, name, firstname, wallet, registration_date, phone, address, postal_code, town, image_id) VALUES (22,0,'bonjour','luna.vasse@free.fr',1,'Vasseur','Luna',27.00,'2019-03-02 15:17:29',NULL,NULL,NULL,NULL,2);
INSERT INTO ltuser (id, status, password, email, sex, name, firstname, wallet, registration_date, phone, address, postal_code, town, image_id) VALUES (23,0,'bonjour','eliot.lebla@aol.com',0,'Leblanc','Eliott',0.00,'2019-03-02 15:17:29','7266006761','167 AV ALPHONSE DE LAMARTINE','30670','AIGUES VIVES',3);
INSERT INTO ltuser (id, status, password, email, sex, name, firstname, wallet, registration_date, phone, address, postal_code, town, image_id) VALUES (24,0,'bonjour','melan.micha@free.fr',1,'Michaud','Melanie',10.13,'2019-03-02 15:17:29','1721633493','377 ROUTE DE MERENVIELLE','57550','REMERING',2);
INSERT INTO ltuser (id, status, password, email, sex, name, firstname, wallet, registration_date, phone, address, postal_code, town, image_id) VALUES (25,0,'bonjour','maily.devau@orange.fr',1,'Devaux','Mailys',0.00,'2019-03-02 15:17:29','7539651684','1 RUE DE L EGLISE','87200','ST MARTIN DE JUSSAC',2);
INSERT INTO ltuser (id, status, password, email, sex, name, firstname, wallet, registration_date, phone, address, postal_code, town, image_id) VALUES (26,0,'bonjour','flore.carli@aol.com',0,'Carlier','Florent',22.60,'2019-03-02 15:17:29',NULL,'6 RUE DU SAUSSET','80500','GUERBIGNY',3);
INSERT INTO ltuser (id, status, password, email, sex, name, firstname, wallet, registration_date, phone, address, postal_code, town, image_id) VALUES (27,0,'bonjour','julia.gros@stone.fr',1,'Gros','Julia',0.00,'2019-03-02 15:17:29','6428137509',NULL,NULL,NULL,2);
INSERT INTO ltuser (id, status, password, email, sex, name, firstname, wallet, registration_date, phone, address, postal_code, town, image_id) VALUES (28,0,'bonjour','elea.reyna@orange.fr',1,'Reynaud','Elea',21.92,'2019-03-02 15:17:29',NULL,'2 RUE JACQUES PREVERT','21490','RUFFEY LES ECHIREY',2);
INSERT INTO ltuser (id, status, password, email, sex, name, firstname, wallet, registration_date, phone, address, postal_code, town, image_id) VALUES (29,0,'bonjour','cloe.duval@free.fr',1,'Duval','Cloe',14.25,'2019-03-02 15:17:29','6307462010','29 RUE CHARLES BAUDELAIRE','26560','IZON LA BRUISSE',2);
INSERT INTO ltuser (id, status, password, email, sex, name, firstname, wallet, registration_date, phone, address, postal_code, town, image_id) VALUES (30,0,'bonjour','willi.roche@orange.fr',0,'Roche','William',0.00,'2019-03-02 15:17:29',NULL,'38 R DES TANNEURS','91680','BRUYERES LE CHATEL',3);
INSERT INTO ltuser (id, status, password, email, sex, name, firstname, wallet, registration_date, phone, address, postal_code, town, image_id) VALUES (31,0,'bonjour','ameli.baron@stone.fr',1,'Baron','Amelie',0.00,'2019-03-02 15:17:29',NULL,NULL,NULL,NULL,2);
INSERT INTO ltuser (id, status, password, email, sex, name, firstname, wallet, registration_date, phone, address, postal_code, town, image_id) VALUES (32,0,'bonjour','fanny.herna@stone.fr',1,'Hernandez','Fanny',0.00,'2019-03-02 15:17:29',NULL,NULL,NULL,NULL,2);
INSERT INTO ltuser (id, status, password, email, sex, name, firstname, wallet, registration_date, phone, address, postal_code, town, image_id) VALUES (33,0,'bonjour','cloe.bigot@gmail.com',1,'Bigot','Cloe',0.00,'2019-03-02 15:17:29',NULL,NULL,NULL,NULL,2);
INSERT INTO ltuser (id, status, password, email, sex, name, firstname, wallet, registration_date, phone, address, postal_code, town, image_id) VALUES (34,0,'bonjour','alice.leroy@orange.fr',1,'Leroy','Alice',37.26,'2019-03-02 15:17:29','4151025770',NULL,NULL,NULL,2);
INSERT INTO ltuser (id, status, password, email, sex, name, firstname, wallet, registration_date, phone, address, postal_code, town, image_id) VALUES (35,0,'bonjour','quent.loise@aol.com',0,'Loiseau','Quentin',1.21,'2019-03-02 15:17:29',NULL,NULL,NULL,NULL,3);
INSERT INTO ltuser (id, status, password, email, sex, name, firstname, wallet, registration_date, phone, address, postal_code, town, image_id) VALUES (36,0,'bonjour','olivi.germa@free.fr',1,'Germain','Olivia',0.00,'2019-03-02 15:17:29','1391060423','10 RUE DU PERCHE','48310','FOURNELS',2);
INSERT INTO ltuser (id, status, password, email, sex, name, firstname, wallet, registration_date, phone, address, postal_code, town, image_id) VALUES (37,0,'bonjour','anna.lefev@gmail.com',1,'Lefevre','Anna',7.65,'2019-03-02 15:17:29','8729335733',NULL,NULL,NULL,2);
INSERT INTO ltuser (id, status, password, email, sex, name, firstname, wallet, registration_date, phone, address, postal_code, town, image_id) VALUES (38,0,'bonjour','emma.dos s@free.fr',1,'Dos santos','Emma',0.00,'2019-03-02 15:17:29',NULL,'355 CHEMIN DE PISSEVIN','1270','PIRAJOUX',2);
INSERT INTO ltuser (id, status, password, email, sex, name, firstname, wallet, registration_date, phone, address, postal_code, town, image_id) VALUES (39,0,'bonjour','margo.roste@gmail.com',1,'Roster','Margot',6.72,'2019-03-02 15:17:29','6644660579','21 RUE DE WASSELONNE','60250','FOULANGUES',2);
INSERT INTO ltuser (id, status, password, email, sex, name, firstname, wallet, registration_date, phone, address, postal_code, town, image_id) VALUES (40,0,'bonjour','camil.lenoi@orange.fr',1,'Lenoir','Camille',0.00,'2019-03-02 15:17:29','6463012240',NULL,NULL,NULL,2);
INSERT INTO ltuser (id, status, password, email, sex, name, firstname, wallet, registration_date, phone, address, postal_code, town, image_id) VALUES (41,0,'bonjour','hugo.rossi@orange.fr',0,'Rossignol','Hugo',21.92,'2019-03-02 15:17:29',NULL,'8 RUE PAUL GAUGUIN','14970','ST AUBIN D ARQUENAY',3);
INSERT INTO ltuser (id, status, password, email, sex, name, firstname, wallet, registration_date, phone, address, postal_code, town, image_id) VALUES (42,0,'bonjour','diego.pons@free.fr',0,'Pons','Diego',0.00,'2019-03-02 15:17:29',NULL,'655 CHEMIN DES TERRES ROUGES','56550','LOCOAL MENDON',3);
INSERT INTO ltuser (id, status, password, email, sex, name, firstname, wallet, registration_date, phone, address, postal_code, town, image_id) VALUES (43,0,'bonjour','rapha.lemai@stone.fr',0,'Lemaire','Raphael',0.00,'2019-03-02 15:17:29',NULL,'123 ROUTE DE GENNES','60940','ANGICOURT',3);
INSERT INTO ltuser (id, status, password, email, sex, name, firstname, wallet, registration_date, phone, address, postal_code, town, image_id) VALUES (44,0,'bonjour','gaeta.berge@stone.fr',0,'Berger','Gaetan',6.00,'2019-03-02 15:17:29',NULL,NULL,NULL,NULL,3);
INSERT INTO ltuser (id, status, password, email, sex, name, firstname, wallet, registration_date, phone, address, postal_code, town, image_id) VALUES (45,0,'bonjour','andre.vaill@gmail.com',1,'Vaillant','Andrea',0.00,'2019-03-02 15:17:29','6365462549',NULL,NULL,NULL,2);
INSERT INTO ltuser (id, status, password, email, sex, name, firstname, wallet, registration_date, phone, address, postal_code, town, image_id) VALUES (46,0,'bonjour','samy.leger@orange.fr',0,'Leger','Samy',0.00,'2019-03-02 15:17:29','7762669777',NULL,NULL,NULL,3);
INSERT INTO ltuser (id, status, password, email, sex, name, firstname, wallet, registration_date, phone, address, postal_code, town, image_id) VALUES (47,0,'bonjour','emili.berge@free.fr',1,'Berger','Emilie',0.00,'2019-03-02 15:17:29','9550357103',NULL,NULL,NULL,2);
INSERT INTO ltuser (id, status, password, email, sex, name, firstname, wallet, registration_date, phone, address, postal_code, town, image_id) VALUES (48,0,'bonjour','zoe.rossi@orange.fr',1,'Rossi','Zoe',20.86,'2019-03-02 15:17:29',NULL,'6 RUE DE SAVOIE','95520','OSNY',2);
INSERT INTO ltuser (id, status, password, email, sex, name, firstname, wallet, registration_date, phone, address, postal_code, town, image_id) VALUES (49,0,'bonjour','axell.poiri@stone.fr',1,'Poirier','Axelle',40.34,'2019-03-02 15:17:29','9137670117',NULL,NULL,NULL,2);
INSERT INTO ltuser (id, status, password, email, sex, name, firstname, wallet, registration_date, phone, address, postal_code, town, image_id) VALUES (50,0,'bonjour','gabri.bouch@aol.com',1,'Boucher','Gabrielle',29.07,'2019-03-02 15:17:29',NULL,NULL,NULL,NULL,2);
INSERT INTO ltuser (id, status, password, email, sex, name, firstname, wallet, registration_date, phone, address, postal_code, town, image_id) VALUES (51,0,'bonjour','solen.merci@free.fr',1,'Mercier','Solene',46.96,'2019-03-02 15:17:29',NULL,'12 RUE DE BOURBOUREY','56880','PLOEREN',2);
INSERT INTO ltuser (id, status, password, email, sex, name, firstname, wallet, registration_date, phone, address, postal_code, town, image_id) VALUES (52,0,'bonjour','gaeta.buiss@gmail.com',0,'Buisson','Gaetan',0.00,'2019-03-02 15:17:29','7066625903','1595 LES MIQUELASSES','77510','LA TRETOIRE',3);
INSERT INTO ltuser (id, status, password, email, sex, name, firstname, wallet, registration_date, phone, address, postal_code, town, image_id) VALUES (53,0,'bonjour','alice.girau@gmail.com',1,'Giraud','Alice',0.00,'2019-03-02 15:17:29',NULL,NULL,NULL,NULL,2);
INSERT INTO ltuser (id, status, password, email, sex, name, firstname, wallet, registration_date, phone, address, postal_code, town, image_id) VALUES (54,0,'bonjour','melin.guill@free.fr',1,'Guillot','Melina',82.58,'2019-03-02 15:17:29','4858105693','14 VOIE ROMAINE','85280','LA FERRIERE',2);
INSERT INTO ltuser (id, status, password, email, sex, name, firstname, wallet, registration_date, phone, address, postal_code, town, image_id) VALUES (55,0,'bonjour','elise.nguye@free.fr',1,'Nguyen','Elise',0.00,'2019-03-02 15:17:29','1076658964','47 121 RUE DU CHAMPE','59177','RAINSARS',2);
INSERT INTO ltuser (id, status, password, email, sex, name, firstname, wallet, registration_date, phone, address, postal_code, town, image_id) VALUES (56,0,'bonjour','pierr.legen@orange.fr',0,'Legendre','Pierre',0.00,'2019-03-02 15:17:29',NULL,'7 ALLEE JEAN ROSTAND','88130','BATTEXEY',3);
INSERT INTO ltuser (id, status, password, email, sex, name, firstname, wallet, registration_date, phone, address, postal_code, town, image_id) VALUES (57,0,'bonjour','noah.blond@aol.com',0,'Blondel','Noah',0.00,'2019-03-02 15:17:29',NULL,'837 ROUTE DES MORANCHES','58190','SAINT DIDIER',3);
INSERT INTO ltuser (id, status, password, email, sex, name, firstname, wallet, registration_date, phone, address, postal_code, town, image_id) VALUES (58,0,'bonjour','valen.bouch@aol.com',0,'Bouchet','Valentin',0.00,'2019-03-02 15:17:29',NULL,NULL,NULL,NULL,3);
INSERT INTO ltuser (id, status, password, email, sex, name, firstname, wallet, registration_date, phone, address, postal_code, town, image_id) VALUES (59,0,'bonjour','mehdi.monni@gmail.com',0,'Monnier','Mehdi',0.00,'2019-03-02 15:17:29','9584321042',NULL,NULL,NULL,3);
INSERT INTO ltuser (id, status, password, email, sex, name, firstname, wallet, registration_date, phone, address, postal_code, town, image_id) VALUES (60,0,'bonjour','ameli.garci@orange.fr',1,'Garcia','Amelie',0.00,'2019-03-02 15:17:29','6834948889','8 RUE AUGUSTE RENOIR','64780','SUHESCUN',2);
INSERT INTO ltuser (id, status, password, email, sex, name, firstname, wallet, registration_date, phone, address, postal_code, town, image_id) VALUES (61,0,'bonjour','sara.dupon@gmail.com',1,'Dupont','Sara',0.00,'2019-03-02 15:17:29',NULL,NULL,NULL,NULL,2);
INSERT INTO ltuser (id, status, password, email, sex, name, firstname, wallet, registration_date, phone, address, postal_code, town, image_id) VALUES (62,0,'bonjour','louis.tessi@aol.com',0,'Tessier','Louis',0.00,'2019-03-02 15:17:29',NULL,NULL,NULL,NULL,3);
INSERT INTO ltuser (id, status, password, email, sex, name, firstname, wallet, registration_date, phone, address, postal_code, town, image_id) VALUES (63,0,'bonjour','elois.evrar@free.fr',1,'Evrard','Eloise',0.00,'2019-03-02 15:17:29','7183925271','15 RUE PERES','32310','ROQUES',2);
INSERT INTO ltuser (id, status, password, email, sex, name, firstname, wallet, registration_date, phone, address, postal_code, town, image_id) VALUES (64,0,'bonjour','ludiv.rossi@orange.fr',1,'Rossignol','Ludivine',0.00,'2019-03-02 15:17:29','3245244633','14 RUE MAURICE DAMPIERRE','24120','BEAUREGARD DE TERRASSON',2);
INSERT INTO ltuser (id, status, password, email, sex, name, firstname, wallet, registration_date, phone, address, postal_code, town, image_id) VALUES (65,0,'bonjour','adam.valle@free.fr',0,'Vallee','Adam',0.00,'2019-03-02 15:17:29','4198139612','61 CHEMIN DU CLESSON','20139','LOPIGNA',3);
INSERT INTO ltuser (id, status, password, email, sex, name, firstname, wallet, registration_date, phone, address, postal_code, town, image_id) VALUES (66,0,'bonjour','sebas.evrar@gmail.com',0,'Evrard','Sebastien',8.83,'2019-03-02 15:17:29','6546340163','3 LIEU DIT ROC DU TARDINET','23230','LES FORGES',3);
INSERT INTO ltuser (id, status, password, email, sex, name, firstname, wallet, registration_date, phone, address, postal_code, town, image_id) VALUES (67,0,'bonjour','simon.dupuy@aol.com',0,'Dupuy','Simon',23.27,'2019-03-02 15:17:29',NULL,NULL,NULL,NULL,3);
INSERT INTO ltuser (id, status, password, email, sex, name, firstname, wallet, registration_date, phone, address, postal_code, town, image_id) VALUES (68,0,'bonjour','victo.march@aol.com',1,'Marchand','Victoria',0.00,'2019-03-02 15:17:29',NULL,NULL,NULL,NULL,2);
INSERT INTO ltuser (id, status, password, email, sex, name, firstname, wallet, registration_date, phone, address, postal_code, town, image_id) VALUES (69,0,'bonjour','melis.valle@aol.com',1,'Vallee','Melissa',0.00,'2019-03-02 15:17:29','1599689061',NULL,NULL,NULL,2);
INSERT INTO ltuser (id, status, password, email, sex, name, firstname, wallet, registration_date, phone, address, postal_code, town, image_id) VALUES (70,0,'bonjour','rayan.allar@gmail.com',0,'Allard','Rayane',0.00,'2019-03-02 15:17:29',NULL,NULL,NULL,NULL,3);
INSERT INTO ltuser (id, status, password, email, sex, name, firstname, wallet, registration_date, phone, address, postal_code, town, image_id) VALUES (71,0,'bonjour','youne.mulle@aol.com',0,'Muller','Younes',0.00,'2019-03-02 15:17:29',NULL,'5B AV VICTOR HUGO','28350','ST LUBIN DES JONCHERETS',3);
INSERT INTO ltuser (id, status, password, email, sex, name, firstname, wallet, registration_date, phone, address, postal_code, town, image_id) VALUES (72,0,'bonjour','lea.herna@gmail.com',1,'Hernandez','Lea',0.00,'2019-03-02 15:17:29',NULL,NULL,NULL,NULL,2);
INSERT INTO ltuser (id, status, password, email, sex, name, firstname, wallet, registration_date, phone, address, postal_code, town, image_id) VALUES (73,0,'bonjour','emili.lenoi@gmail.com',1,'Lenoir','Emilie',0.00,'2019-03-02 15:17:29',NULL,NULL,NULL,NULL,2);
INSERT INTO ltuser (id, status, password, email, sex, name, firstname, wallet, registration_date, phone, address, postal_code, town, image_id) VALUES (74,0,'bonjour','flora.blanc@orange.fr',1,'Blanchard','Flora',13.05,'2019-03-02 15:17:29','5495307570',NULL,NULL,NULL,2);
INSERT INTO ltuser (id, status, password, email, sex, name, firstname, wallet, registration_date, phone, address, postal_code, town, image_id) VALUES (75,0,'bonjour','youne.rodri@orange.fr',0,'Rodrigues','Younes',1.57,'2019-03-02 15:17:29','4235238042',NULL,NULL,NULL,3);
INSERT INTO ltuser (id, status, password, email, sex, name, firstname, wallet, registration_date, phone, address, postal_code, town, image_id) VALUES (76,0,'bonjour','andre.meuni@free.fr',1,'Meunier','Andrea',28.42,'2019-03-02 15:17:29',NULL,NULL,NULL,NULL,2);
INSERT INTO ltuser (id, status, password, email, sex, name, firstname, wallet, registration_date, phone, address, postal_code, town, image_id) VALUES (77,0,'bonjour','rapha.loise@free.fr',0,'Loiseau','Raphael',0.00,'2019-03-02 15:17:29','0789819362','5 ALLEE DU BEARN','76120','LE GRAND QUEVILLY',3);
INSERT INTO ltuser (id, status, password, email, sex, name, firstname, wallet, registration_date, phone, address, postal_code, town, image_id) VALUES (78,0,'bonjour','rache.buiss@aol.com',1,'Buisson','Rachel',0.00,'2019-03-02 15:17:29','8228535710','11 RUE GEORGES BIZET','22360','LES GREVES LANGUEUX',2);
INSERT INTO ltuser (id, status, password, email, sex, name, firstname, wallet, registration_date, phone, address, postal_code, town, image_id) VALUES (79,0,'bonjour','lucil.joube@free.fr',1,'Joubert','Lucile',0.00,'2019-03-02 15:17:29','7421534296',NULL,NULL,NULL,2);
INSERT INTO ltuser (id, status, password, email, sex, name, firstname, wallet, registration_date, phone, address, postal_code, town, image_id) VALUES (80,0,'bonjour','ilona.bigot@aol.com',1,'Bigot','Ilona',42.80,'2019-03-02 15:17:29',NULL,'54 BD DE LORRAINE','83350','RAMATUELLE',2);
INSERT INTO ltuser (id, status, password, email, sex, name, firstname, wallet, registration_date, phone, address, postal_code, town, image_id) VALUES (81,0,'bonjour','valen.perre@orange.fr',1,'Perret','Valentine',0.00,'2019-03-02 15:17:29',NULL,'24 CHE DES ALLORS','77650','CHALMAISON',2);
INSERT INTO ltuser (id, status, password, email, sex, name, firstname, wallet, registration_date, phone, address, postal_code, town, image_id) VALUES (82,0,'bonjour','ilona.dupon@aol.com',1,'Dupont','Ilona',0.00,'2019-03-02 15:17:29',NULL,'4 CHEMIN DE LA MAISON BARON','46140','PARNAC',2);
INSERT INTO ltuser (id, status, password, email, sex, name, firstname, wallet, registration_date, phone, address, postal_code, town, image_id) VALUES (83,0,'bonjour','sofia.gonza@aol.com',1,'Gonzalves','Sofia',0.00,'2019-03-02 15:17:29',NULL,NULL,NULL,NULL,2);
INSERT INTO ltuser (id, status, password, email, sex, name, firstname, wallet, registration_date, phone, address, postal_code, town, image_id) VALUES (84,0,'bonjour','valen.rouss@free.fr',0,'Rousseau','Valentin',30.70,'2019-03-02 15:17:29','5595500299',NULL,NULL,NULL,3);
INSERT INTO ltuser (id, status, password, email, sex, name, firstname, wallet, registration_date, phone, address, postal_code, town, image_id) VALUES (85,0,'bonjour','bilal.marti@free.fr',0,'Martinez','Bilal',17.17,'2019-03-02 15:17:29',NULL,'15 RUE BEETHOVEN','97313','SAINT GEORGES',3);
INSERT INTO ltuser (id, status, password, email, sex, name, firstname, wallet, registration_date, phone, address, postal_code, town, image_id) VALUES (86,0,'bonjour','fabie.klein@stone.fr',0,'Klein','Fabien',0.00,'2019-03-02 15:17:29','0582610948','5 RUE D ANJOU','62220','CARVIN',3);
INSERT INTO ltuser (id, status, password, email, sex, name, firstname, wallet, registration_date, phone, address, postal_code, town, image_id) VALUES (87,0,'bonjour','aurel.loise@free.fr',1,'Loiseau','Aurelie',0.00,'2019-03-02 15:17:29','5708094997','47 R DE PARIS','59142','VILLERS OUTREAUX',2);
INSERT INTO ltuser (id, status, password, email, sex, name, firstname, wallet, registration_date, phone, address, postal_code, town, image_id) VALUES (88,0,'bonjour','salma.guill@gmail.com',1,'Guillot','Salma',14.80,'2019-03-02 15:17:29',NULL,'7 CHEMIN DE REHAUT','50240','LA CROIX AVRANCHIN',2);
INSERT INTO ltuser (id, status, password, email, sex, name, firstname, wallet, registration_date, phone, address, postal_code, town, image_id) VALUES (89,0,'bonjour','erwan.picar@aol.com',0,'Picard','Erwan',0.00,'2019-03-02 15:17:29','5612742222',NULL,NULL,NULL,3);
INSERT INTO ltuser (id, status, password, email, sex, name, firstname, wallet, registration_date, phone, address, postal_code, town, image_id) VALUES (90,0,'bonjour','thiba.roux@aol.com',0,'Roux','Thibaut',27.75,'2019-03-02 15:17:29',NULL,'17 RUE DE LLANSA','57230','HASPELSCHIEDT',3);
INSERT INTO ltuser (id, status, password, email, sex, name, firstname, wallet, registration_date, phone, address, postal_code, town, image_id) VALUES (91,0,'bonjour','enora.barbi@aol.com',1,'Barbier','Enora',0.00,'2019-03-02 15:17:29',NULL,'4 RUE JULES MOUSSERON','17120','CHENAC ST SEURIN D UZET',2);
INSERT INTO ltuser (id, status, password, email, sex, name, firstname, wallet, registration_date, phone, address, postal_code, town, image_id) VALUES (92,0,'bonjour','stell.bouvi@aol.com',1,'Bouvier','Stella',5.93,'2019-03-02 15:17:29','1071418059',NULL,NULL,NULL,2);
INSERT INTO ltuser (id, status, password, email, sex, name, firstname, wallet, registration_date, phone, address, postal_code, town, image_id) VALUES (93,0,'bonjour','rapha.blond@aol.com',0,'Blondel','Raphael',0.00,'2019-03-02 15:17:29','0093524858',NULL,NULL,NULL,3);
INSERT INTO ltuser (id, status, password, email, sex, name, firstname, wallet, registration_date, phone, address, postal_code, town, image_id) VALUES (94,0,'bonjour','alan.bourg@aol.com',0,'Bourgeois','Alan',84.22,'2019-03-02 15:17:29',NULL,'23 RUE DES PROMENADES','95750','LE BELLAY EN VEXIN',3);
INSERT INTO ltuser (id, status, password, email, sex, name, firstname, wallet, registration_date, phone, address, postal_code, town, image_id) VALUES (95,0,'bonjour','elias.leveq@orange.fr',0,'Leveque','Elias',0.00,'2019-03-02 15:17:29',NULL,NULL,NULL,NULL,3);
INSERT INTO ltuser (id, status, password, email, sex, name, firstname, wallet, registration_date, phone, address, postal_code, town, image_id) VALUES (96,0,'bonjour','antho.charr@gmail.com',0,'Charrier','Anthony',0.00,'2019-03-02 15:17:29','7010085898',NULL,NULL,NULL,3);
INSERT INTO ltuser (id, status, password, email, sex, name, firstname, wallet, registration_date, phone, address, postal_code, town, image_id) VALUES (97,0,'bonjour','youne.leger@free.fr',0,'Leger','Younes',0.00,'2019-03-02 15:17:29','3160577260',NULL,NULL,NULL,3);
INSERT INTO ltuser (id, status, password, email, sex, name, firstname, wallet, registration_date, phone, address, postal_code, town, image_id) VALUES (98,0,'bonjour','eleon.charp@gmail.com',1,'Charpentier','Eleonore',0.00,'2019-03-02 15:17:29',NULL,'8 IMPASSE DES NOISETIERS','85360','LA TRANCHE SUR MER',2);
INSERT INTO ltuser (id, status, password, email, sex, name, firstname, wallet, registration_date, phone, address, postal_code, town, image_id) VALUES (99,0,'bonjour','rache.rey@free.fr',1,'Rey','Rachel',0.00,'2019-03-02 15:17:29',NULL,'13 CLOS DU PARADIS','76630','INTRAVILLE',2);
INSERT INTO ltuser (id, status, password, email, sex, name, firstname, wallet, registration_date, phone, address, postal_code, town, image_id) VALUES (100,0,'bonjour','aurel.morea@stone.fr',0,'Moreau','Aurelien',5.70,'2019-03-02 15:17:29',NULL,'15 R LAMENNAIS','50130','OCTEVILLE',3);

-- ************
-- Roles
-- First user has the Lunch Lady role (and user role)
-- ************
INSERT INTO ltrole (id, user_id, label, description) VALUES (1,1,'ROLE_LUNCHLADY', NULL);
INSERT INTO ltrole (id, user_id, label, description) VALUES (2,2,'ROLE_USER', NULL);
INSERT INTO ltrole (id, user_id, label, description) VALUES (3,3,'ROLE_USER', NULL);
INSERT INTO ltrole (id, user_id, label, description) VALUES (4,4,'ROLE_USER', NULL);
INSERT INTO ltrole (id, user_id, label, description) VALUES (5,5,'ROLE_USER', NULL);
INSERT INTO ltrole (id, user_id, label, description) VALUES (6,6,'ROLE_USER', NULL);
INSERT INTO ltrole (id, user_id, label, description) VALUES (7,7,'ROLE_USER', NULL);
INSERT INTO ltrole (id, user_id, label, description) VALUES (8,8,'ROLE_USER', NULL);
INSERT INTO ltrole (id, user_id, label, description) VALUES (9,9,'ROLE_USER', NULL);
INSERT INTO ltrole (id, user_id, label, description) VALUES (10,10,'ROLE_USER', NULL);
INSERT INTO ltrole (id, user_id, label, description) VALUES (11,11,'ROLE_USER', NULL);
INSERT INTO ltrole (id, user_id, label, description) VALUES (12,12,'ROLE_USER', NULL);
INSERT INTO ltrole (id, user_id, label, description) VALUES (13,13,'ROLE_USER', NULL);
INSERT INTO ltrole (id, user_id, label, description) VALUES (14,14,'ROLE_USER', NULL);
INSERT INTO ltrole (id, user_id, label, description) VALUES (15,15,'ROLE_USER', NULL);
INSERT INTO ltrole (id, user_id, label, description) VALUES (16,16,'ROLE_USER', NULL);
INSERT INTO ltrole (id, user_id, label, description) VALUES (17,17,'ROLE_USER', NULL);
INSERT INTO ltrole (id, user_id, label, description) VALUES (18,18,'ROLE_USER', NULL);
INSERT INTO ltrole (id, user_id, label, description) VALUES (19,19,'ROLE_USER', NULL);
INSERT INTO ltrole (id, user_id, label, description) VALUES (20,20,'ROLE_USER', NULL);
INSERT INTO ltrole (id, user_id, label, description) VALUES (21,21,'ROLE_USER', NULL);
INSERT INTO ltrole (id, user_id, label, description) VALUES (22,22,'ROLE_USER', NULL);
INSERT INTO ltrole (id, user_id, label, description) VALUES (23,23,'ROLE_USER', NULL);
INSERT INTO ltrole (id, user_id, label, description) VALUES (24,24,'ROLE_USER', NULL);
INSERT INTO ltrole (id, user_id, label, description) VALUES (25,25,'ROLE_USER', NULL);
INSERT INTO ltrole (id, user_id, label, description) VALUES (26,26,'ROLE_USER', NULL);
INSERT INTO ltrole (id, user_id, label, description) VALUES (27,27,'ROLE_USER', NULL);
INSERT INTO ltrole (id, user_id, label, description) VALUES (28,28,'ROLE_USER', NULL);
INSERT INTO ltrole (id, user_id, label, description) VALUES (29,29,'ROLE_USER', NULL);
INSERT INTO ltrole (id, user_id, label, description) VALUES (30,30,'ROLE_USER', NULL);
INSERT INTO ltrole (id, user_id, label, description) VALUES (31,31,'ROLE_USER', NULL);
INSERT INTO ltrole (id, user_id, label, description) VALUES (32,32,'ROLE_USER', NULL);
INSERT INTO ltrole (id, user_id, label, description) VALUES (33,33,'ROLE_USER', NULL);
INSERT INTO ltrole (id, user_id, label, description) VALUES (34,34,'ROLE_USER', NULL);
INSERT INTO ltrole (id, user_id, label, description) VALUES (35,35,'ROLE_USER', NULL);
INSERT INTO ltrole (id, user_id, label, description) VALUES (36,36,'ROLE_USER', NULL);
INSERT INTO ltrole (id, user_id, label, description) VALUES (37,37,'ROLE_USER', NULL);
INSERT INTO ltrole (id, user_id, label, description) VALUES (38,38,'ROLE_USER', NULL);
INSERT INTO ltrole (id, user_id, label, description) VALUES (39,39,'ROLE_USER', NULL);
INSERT INTO ltrole (id, user_id, label, description) VALUES (40,40,'ROLE_USER', NULL);
INSERT INTO ltrole (id, user_id, label, description) VALUES (41,41,'ROLE_USER', NULL);
INSERT INTO ltrole (id, user_id, label, description) VALUES (42,42,'ROLE_USER', NULL);
INSERT INTO ltrole (id, user_id, label, description) VALUES (43,43,'ROLE_USER', NULL);
INSERT INTO ltrole (id, user_id, label, description) VALUES (44,44,'ROLE_USER', NULL);
INSERT INTO ltrole (id, user_id, label, description) VALUES (45,45,'ROLE_USER', NULL);
INSERT INTO ltrole (id, user_id, label, description) VALUES (46,46,'ROLE_USER', NULL);
INSERT INTO ltrole (id, user_id, label, description) VALUES (47,47,'ROLE_USER', NULL);
INSERT INTO ltrole (id, user_id, label, description) VALUES (48,48,'ROLE_USER', NULL);
INSERT INTO ltrole (id, user_id, label, description) VALUES (49,49,'ROLE_USER', NULL);
INSERT INTO ltrole (id, user_id, label, description) VALUES (50,50,'ROLE_USER', NULL);
INSERT INTO ltrole (id, user_id, label, description) VALUES (51,51,'ROLE_USER', NULL);
INSERT INTO ltrole (id, user_id, label, description) VALUES (52,52,'ROLE_USER', NULL);
INSERT INTO ltrole (id, user_id, label, description) VALUES (53,53,'ROLE_USER', NULL);
INSERT INTO ltrole (id, user_id, label, description) VALUES (54,54,'ROLE_USER', NULL);
INSERT INTO ltrole (id, user_id, label, description) VALUES (55,55,'ROLE_USER', NULL);
INSERT INTO ltrole (id, user_id, label, description) VALUES (56,56,'ROLE_USER', NULL);
INSERT INTO ltrole (id, user_id, label, description) VALUES (57,57,'ROLE_USER', NULL);
INSERT INTO ltrole (id, user_id, label, description) VALUES (58,58,'ROLE_USER', NULL);
INSERT INTO ltrole (id, user_id, label, description) VALUES (59,59,'ROLE_USER', NULL);
INSERT INTO ltrole (id, user_id, label, description) VALUES (60,60,'ROLE_USER', NULL);
INSERT INTO ltrole (id, user_id, label, description) VALUES (61,61,'ROLE_USER', NULL);
INSERT INTO ltrole (id, user_id, label, description) VALUES (62,62,'ROLE_USER', NULL);
INSERT INTO ltrole (id, user_id, label, description) VALUES (63,63,'ROLE_USER', NULL);
INSERT INTO ltrole (id, user_id, label, description) VALUES (64,64,'ROLE_USER', NULL);
INSERT INTO ltrole (id, user_id, label, description) VALUES (65,65,'ROLE_USER', NULL);
INSERT INTO ltrole (id, user_id, label, description) VALUES (66,66,'ROLE_USER', NULL);
INSERT INTO ltrole (id, user_id, label, description) VALUES (67,67,'ROLE_USER', NULL);
INSERT INTO ltrole (id, user_id, label, description) VALUES (68,68,'ROLE_USER', NULL);
INSERT INTO ltrole (id, user_id, label, description) VALUES (69,69,'ROLE_USER', NULL);
INSERT INTO ltrole (id, user_id, label, description) VALUES (70,70,'ROLE_USER', NULL);
INSERT INTO ltrole (id, user_id, label, description) VALUES (71,71,'ROLE_USER', NULL);
INSERT INTO ltrole (id, user_id, label, description) VALUES (72,72,'ROLE_USER', NULL);
INSERT INTO ltrole (id, user_id, label, description) VALUES (73,73,'ROLE_USER', NULL);
INSERT INTO ltrole (id, user_id, label, description) VALUES (74,74,'ROLE_USER', NULL);
INSERT INTO ltrole (id, user_id, label, description) VALUES (75,75,'ROLE_USER', NULL);
INSERT INTO ltrole (id, user_id, label, description) VALUES (76,76,'ROLE_USER', NULL);
INSERT INTO ltrole (id, user_id, label, description) VALUES (77,77,'ROLE_USER', NULL);
INSERT INTO ltrole (id, user_id, label, description) VALUES (78,78,'ROLE_USER', NULL);
INSERT INTO ltrole (id, user_id, label, description) VALUES (79,79,'ROLE_USER', NULL);
INSERT INTO ltrole (id, user_id, label, description) VALUES (80,80,'ROLE_USER', NULL);
INSERT INTO ltrole (id, user_id, label, description) VALUES (81,81,'ROLE_USER', NULL);
INSERT INTO ltrole (id, user_id, label, description) VALUES (82,82,'ROLE_USER', NULL);
INSERT INTO ltrole (id, user_id, label, description) VALUES (83,83,'ROLE_USER', NULL);
INSERT INTO ltrole (id, user_id, label, description) VALUES (84,84,'ROLE_USER', NULL);
INSERT INTO ltrole (id, user_id, label, description) VALUES (85,85,'ROLE_USER', NULL);
INSERT INTO ltrole (id, user_id, label, description) VALUES (86,86,'ROLE_USER', NULL);
INSERT INTO ltrole (id, user_id, label, description) VALUES (87,87,'ROLE_USER', NULL);
INSERT INTO ltrole (id, user_id, label, description) VALUES (88,88,'ROLE_USER', NULL);
INSERT INTO ltrole (id, user_id, label, description) VALUES (89,89,'ROLE_USER', NULL);
INSERT INTO ltrole (id, user_id, label, description) VALUES (90,90,'ROLE_USER', NULL);
INSERT INTO ltrole (id, user_id, label, description) VALUES (91,91,'ROLE_USER', NULL);
INSERT INTO ltrole (id, user_id, label, description) VALUES (92,92,'ROLE_USER', NULL);
INSERT INTO ltrole (id, user_id, label, description) VALUES (93,93,'ROLE_USER', NULL);
INSERT INTO ltrole (id, user_id, label, description) VALUES (94,94,'ROLE_USER', NULL);
INSERT INTO ltrole (id, user_id, label, description) VALUES (95,95,'ROLE_USER', NULL);
INSERT INTO ltrole (id, user_id, label, description) VALUES (96,96,'ROLE_USER', NULL);
INSERT INTO ltrole (id, user_id, label, description) VALUES (97,97,'ROLE_USER', NULL);
INSERT INTO ltrole (id, user_id, label, description) VALUES (98,98,'ROLE_USER', NULL);
INSERT INTO ltrole (id, user_id, label, description) VALUES (99,99,'ROLE_USER', NULL);
INSERT INTO ltrole (id, user_id, label, description) VALUES (100,100,'ROLE_USER', NULL);
INSERT INTO ltrole (id, user_id, label, description) VALUES (101,1,'ROLE_USER', NULL);

-- ************
-- Constraint
-- ************
INSERT INTO ltconstraint (id, order_time_limit, maximum_order_per_day, rate_vat) VALUES (1,'10:30:00',500,20.00);

-- ************
-- Ingredient
-- ************
INSERT INTO ltingredient (id, status, label, description, image_id) VALUES (1,0,'Avocat',NULL,5);
INSERT INTO ltingredient (id, status, label, description, image_id) VALUES (2,0,'Boîte de thon au naturel',NULL,6);
INSERT INTO ltingredient (id, status, label, description, image_id) VALUES (3,0,'Mayonnaise',NULL,7);
INSERT INTO ltingredient (id, status, label, description, image_id) VALUES (4,0,'Sel',NULL,8);
INSERT INTO ltingredient (id, status, label, description, image_id) VALUES (5,0,'Poivre',NULL,9);
INSERT INTO ltingredient (id, status, label, description, image_id) VALUES (6,0,'Pommes de terre',NULL,10);
INSERT INTO ltingredient (id, status, label, description, image_id) VALUES (7,0,'Lait',NULL,11);
INSERT INTO ltingredient (id, status, label, description, image_id) VALUES (8,0,'Lait de coco',NULL,12);
INSERT INTO ltingredient (id, status, label, description, image_id) VALUES (9,0,'Farine',NULL,13);
INSERT INTO ltingredient (id, status, label, description, image_id) VALUES (10,0,'Oeuf',NULL,14);
INSERT INTO ltingredient (id, status, label, description, image_id) VALUES (11,0,'Fromage râpé',NULL,15);
INSERT INTO ltingredient (id, status, label, description, image_id) VALUES (12,0,'Citron vert',NULL,16);
INSERT INTO ltingredient (id, status, label, description, image_id) VALUES (13,0,'Orange',NULL,17);
INSERT INTO ltingredient (id, status, label, description, image_id) VALUES (14,0,'Poivron rouge',NULL,18);
INSERT INTO ltingredient (id, status, label, description, image_id) VALUES (15,0,'Carotte',NULL,19);
INSERT INTO ltingredient (id, status, label, description, image_id) VALUES (16,0,'Oignon',NULL,20);
INSERT INTO ltingredient (id, status, label, description, image_id) VALUES (17,0,'Sauce soja',NULL,21);
INSERT INTO ltingredient (id, status, label, description, image_id) VALUES (18,0,'Sauce thaï sucrée pimentée',NULL,22);
INSERT INTO ltingredient (id, status, label, description, image_id) VALUES (19,0,'Piment d''espelette',NULL,23);
INSERT INTO ltingredient (id, status, label, description, image_id) VALUES (20,0,'Noix de saint jacques',NULL,24);
INSERT INTO ltingredient (id, status, label, description, image_id) VALUES (21,0,'Huile d''olive',NULL,25);
INSERT INTO ltingredient (id, status, label, description, image_id) VALUES (22,0,'Miel',NULL,26);
INSERT INTO ltingredient (id, status, label, description, image_id) VALUES (23,0,'Poireau',NULL,27);
INSERT INTO ltingredient (id, status, label, description, image_id) VALUES (24,0,'Concombre',NULL,28);
INSERT INTO ltingredient (id, status, label, description, image_id) VALUES (25,0,'Raisin sec',NULL,29);
INSERT INTO ltingredient (id, status, label, description, image_id) VALUES (26,0,'Paprika',NULL,30);
INSERT INTO ltingredient (id, status, label, description, image_id) VALUES (27,0,'Curry',NULL,31);
INSERT INTO ltingredient (id, status, label, description, image_id) VALUES (28,0,'Cumin',NULL,32);

-- ************
-- Meal
-- ************
INSERT INTO ltmeal (id, status, label, description, price_df, available_for_weeks, image_id) VALUES (1,0,'Endives au jambon',NULL,7.70,NULL,34);
INSERT INTO ltmeal (id, status, label, description, price_df, available_for_weeks, image_id) VALUES (2,0,'Tomates farcies',NULL,5.79,'S1S,S49S,S28S,S46S',35);
INSERT INTO ltmeal (id, status, label, description, price_df, available_for_weeks, image_id) VALUES (3,0,'Hachis parmentier',NULL,11.50,NULL,36);
INSERT INTO ltmeal (id, status, label, description, price_df, available_for_weeks, image_id) VALUES (4,0,'Filet mignon aux champignons',NULL,14.59,NULL,37);
INSERT INTO ltmeal (id, status, label, description, price_df, available_for_weeks, image_id) VALUES (5,0,'Soupes',NULL,5.62,'S1S,S6S,S27S',38);
INSERT INTO ltmeal (id, status, label, description, price_df, available_for_weeks, image_id) VALUES (6,0,'Croque-monsieur',NULL,11.31,'S1S,S24S,S41S,S11S',39);
INSERT INTO ltmeal (id, status, label, description, price_df, available_for_weeks, image_id) VALUES (7,0,'Pates carbonara',NULL,8.41,NULL,40);
INSERT INTO ltmeal (id, status, label, description, price_df, available_for_weeks, image_id) VALUES (8,0,'Pates bolognaise',NULL,9.69,NULL,41);
INSERT INTO ltmeal (id, status, label, description, price_df, available_for_weeks, image_id) VALUES (9,0,'Saumon grillé',NULL,15.30,NULL,42);
INSERT INTO ltmeal (id, status, label, description, price_df, available_for_weeks, image_id) VALUES (10,0,'Carry saucisse',NULL,1.37,NULL,43);
INSERT INTO ltmeal (id, status, label, description, price_df, available_for_weeks, image_id) VALUES (11,0,'Saucisses',NULL,12.62,NULL,44);
INSERT INTO ltmeal (id, status, label, description, price_df, available_for_weeks, image_id) VALUES (12,0,'Steak',NULL,4.00,NULL,45);
INSERT INTO ltmeal (id, status, label, description, price_df, available_for_weeks, image_id) VALUES (13,0,'Merlan',NULL,3.19,NULL,46);
INSERT INTO ltmeal (id, status, label, description, price_df, available_for_weeks, image_id) VALUES (14,0,'Cabillaud en papillote',NULL,3.05,'S1S,S34S,S5S,S30S',47);
INSERT INTO ltmeal (id, status, label, description, price_df, available_for_weeks, image_id) VALUES (15,0,'Cordon bleu',NULL,3.67,NULL,48);
INSERT INTO ltmeal (id, status, label, description, price_df, available_for_weeks, image_id) VALUES (16,0,'Poulet roti',NULL,1.30,'S1S,S18S,S22S,S7S',49);
INSERT INTO ltmeal (id, status, label, description, price_df, available_for_weeks, image_id) VALUES (17,0,'Curry de porc au lait de coco',NULL,5.48,NULL,50);
INSERT INTO ltmeal (id, status, label, description, price_df, available_for_weeks, image_id) VALUES (18,0,'Oeufs à la coque',NULL,10.38,NULL,51);
INSERT INTO ltmeal (id, status, label, description, price_df, available_for_weeks, image_id) VALUES (19,0,'Hamburger maison',NULL,6.84,NULL,52);
INSERT INTO ltmeal (id, status, label, description, price_df, available_for_weeks, image_id) VALUES (20,0,'Omelette',NULL,12.76,'S1S,S33S,S4S,S38S',53);
INSERT INTO ltmeal (id, status, label, description, price_df, available_for_weeks, image_id) VALUES (21,0,'Quiche lorraine',NULL,10.15,'S1S,S3S,S4S,S38S',54);
INSERT INTO ltmeal (id, status, label, description, price_df, available_for_weeks, image_id) VALUES (22,0,'Flamiche aux poireaux',NULL,13.98,'S1S,S34S,S11S,S12S',55);
INSERT INTO ltmeal (id, status, label, description, price_df, available_for_weeks, image_id) VALUES (23,0,'Saint-jacques et fondue de poireaux',NULL,12.09,'S1S,S19S,S7S,S28S',56);
INSERT INTO ltmeal (id, status, label, description, price_df, available_for_weeks, image_id) VALUES (24,0,'Côtes porc',NULL,15.14,'S32S,S1S,S20S,S47S',57);
INSERT INTO ltmeal (id, status, label, description, price_df, available_for_weeks, image_id) VALUES (25,0,'Tranches de gigot poelées',NULL,2.16,NULL,58);
INSERT INTO ltmeal (id, status, label, description, price_df, available_for_weeks, image_id) VALUES (26,0,'Canard aux olives',NULL,9.00,'S1S,S37S,S44S,S13S',59);
INSERT INTO ltmeal (id, status, label, description, price_df, available_for_weeks, image_id) VALUES (27,0,'Emincé de dinde à la crème',NULL,14.48,'S1S,S19S,S4S,S5S',60);
INSERT INTO ltmeal (id, status, label, description, price_df, available_for_weeks, image_id) VALUES (28,0,'Soles meunières',NULL,8.52,NULL,61);
INSERT INTO ltmeal (id, status, label, description, price_df, available_for_weeks, image_id) VALUES (29,0,'Salade composée',NULL,1.78,NULL,62);
INSERT INTO ltmeal (id, status, label, description, price_df, available_for_weeks, image_id) VALUES (30,0,'Moussaka',NULL,14.63,NULL,63);
INSERT INTO ltmeal (id, status, label, description, price_df, available_for_weeks, image_id) VALUES (31,0,'Lasagnes à la bolognaise',NULL,5.27,NULL,64);
INSERT INTO ltmeal (id, status, label, description, price_df, available_for_weeks, image_id) VALUES (32,0,'Crêpes au jambon',NULL,12.03,NULL,65);
INSERT INTO ltmeal (id, status, label, description, price_df, available_for_weeks, image_id) VALUES (33,0,'Tartiflette',NULL,15.47,NULL,66);
INSERT INTO ltmeal (id, status, label, description, price_df, available_for_weeks, image_id) VALUES (34,0,'Pizza reine',NULL,8.96,'S1S,S3S,S22S,S13S',67);
INSERT INTO ltmeal (id, status, label, description, price_df, available_for_weeks, image_id) VALUES (35,0,'Rôti de veau',NULL,1.13,'S1S,S33S,S50S,S39S',68);
INSERT INTO ltmeal (id, status, label, description, price_df, available_for_weeks, image_id) VALUES (36,0,'Flan au caramel',NULL,3.67,'S1S,S36S,S38S,S13S',69);
INSERT INTO ltmeal (id, status, label, description, price_df, available_for_weeks, image_id) VALUES (37,0,'Beignet au sucre',NULL,9.81,'S48S,S1S,S36S,S12S',70);
INSERT INTO ltmeal (id, status, label, description, price_df, available_for_weeks, image_id) VALUES (38,0,'Crumble pommes',NULL,2.60,NULL,71);
INSERT INTO ltmeal (id, status, label, description, price_df, available_for_weeks, image_id) VALUES (39,0,'Coca cola 33cl',NULL,12.07,NULL,72);
INSERT INTO ltmeal (id, status, label, description, price_df, available_for_weeks, image_id) VALUES (40,0,'Eau 33cl',NULL,1.96,NULL,73);
INSERT INTO ltmeal (id, status, label, description, price_df, available_for_weeks, image_id) VALUES (41,0,'Ice Tea 33cl',NULL,12.38,NULL,74);

-- ************
-- Meal Has Ingredient
-- ************
INSERT INTO ltmeal_has_ingredient (meal_id, ingredient_id) VALUES (1,11);
INSERT INTO ltmeal_has_ingredient (meal_id, ingredient_id) VALUES (1,20);
INSERT INTO ltmeal_has_ingredient (meal_id, ingredient_id) VALUES (2,17);
INSERT INTO ltmeal_has_ingredient (meal_id, ingredient_id) VALUES (4,20);
INSERT INTO ltmeal_has_ingredient (meal_id, ingredient_id) VALUES (5,1);
INSERT INTO ltmeal_has_ingredient (meal_id, ingredient_id) VALUES (5,27);
INSERT INTO ltmeal_has_ingredient (meal_id, ingredient_id) VALUES (6,9);
INSERT INTO ltmeal_has_ingredient (meal_id, ingredient_id) VALUES (6,16);
INSERT INTO ltmeal_has_ingredient (meal_id, ingredient_id) VALUES (6,17);
INSERT INTO ltmeal_has_ingredient (meal_id, ingredient_id) VALUES (6,27);
INSERT INTO ltmeal_has_ingredient (meal_id, ingredient_id) VALUES (8,1);
INSERT INTO ltmeal_has_ingredient (meal_id, ingredient_id) VALUES (8,4);
INSERT INTO ltmeal_has_ingredient (meal_id, ingredient_id) VALUES (8,17);
INSERT INTO ltmeal_has_ingredient (meal_id, ingredient_id) VALUES (9,5);
INSERT INTO ltmeal_has_ingredient (meal_id, ingredient_id) VALUES (9,6);
INSERT INTO ltmeal_has_ingredient (meal_id, ingredient_id) VALUES (9,15);
INSERT INTO ltmeal_has_ingredient (meal_id, ingredient_id) VALUES (11,10);
INSERT INTO ltmeal_has_ingredient (meal_id, ingredient_id) VALUES (12,13);
INSERT INTO ltmeal_has_ingredient (meal_id, ingredient_id) VALUES (12,16);
INSERT INTO ltmeal_has_ingredient (meal_id, ingredient_id) VALUES (13,13);
INSERT INTO ltmeal_has_ingredient (meal_id, ingredient_id) VALUES (13,26);
INSERT INTO ltmeal_has_ingredient (meal_id, ingredient_id) VALUES (14,7);
INSERT INTO ltmeal_has_ingredient (meal_id, ingredient_id) VALUES (14,15);
INSERT INTO ltmeal_has_ingredient (meal_id, ingredient_id) VALUES (14,20);
INSERT INTO ltmeal_has_ingredient (meal_id, ingredient_id) VALUES (14,27);
INSERT INTO ltmeal_has_ingredient (meal_id, ingredient_id) VALUES (15,3);
INSERT INTO ltmeal_has_ingredient (meal_id, ingredient_id) VALUES (15,4);
INSERT INTO ltmeal_has_ingredient (meal_id, ingredient_id) VALUES (16,11);
INSERT INTO ltmeal_has_ingredient (meal_id, ingredient_id) VALUES (17,11);
INSERT INTO ltmeal_has_ingredient (meal_id, ingredient_id) VALUES (17,13);
INSERT INTO ltmeal_has_ingredient (meal_id, ingredient_id) VALUES (18,8);
INSERT INTO ltmeal_has_ingredient (meal_id, ingredient_id) VALUES (18,12);
INSERT INTO ltmeal_has_ingredient (meal_id, ingredient_id) VALUES (19,11);
INSERT INTO ltmeal_has_ingredient (meal_id, ingredient_id) VALUES (19,17);
INSERT INTO ltmeal_has_ingredient (meal_id, ingredient_id) VALUES (19,22);
INSERT INTO ltmeal_has_ingredient (meal_id, ingredient_id) VALUES (19,25);
INSERT INTO ltmeal_has_ingredient (meal_id, ingredient_id) VALUES (20,9);
INSERT INTO ltmeal_has_ingredient (meal_id, ingredient_id) VALUES (20,17);
INSERT INTO ltmeal_has_ingredient (meal_id, ingredient_id) VALUES (23,12);
INSERT INTO ltmeal_has_ingredient (meal_id, ingredient_id) VALUES (23,18);
INSERT INTO ltmeal_has_ingredient (meal_id, ingredient_id) VALUES (23,24);
INSERT INTO ltmeal_has_ingredient (meal_id, ingredient_id) VALUES (24,12);
INSERT INTO ltmeal_has_ingredient (meal_id, ingredient_id) VALUES (24,14);
INSERT INTO ltmeal_has_ingredient (meal_id, ingredient_id) VALUES (24,18);
INSERT INTO ltmeal_has_ingredient (meal_id, ingredient_id) VALUES (25,15);
INSERT INTO ltmeal_has_ingredient (meal_id, ingredient_id) VALUES (25,16);
INSERT INTO ltmeal_has_ingredient (meal_id, ingredient_id) VALUES (25,21);
INSERT INTO ltmeal_has_ingredient (meal_id, ingredient_id) VALUES (26,15);
INSERT INTO ltmeal_has_ingredient (meal_id, ingredient_id) VALUES (26,17);
INSERT INTO ltmeal_has_ingredient (meal_id, ingredient_id) VALUES (26,21);
INSERT INTO ltmeal_has_ingredient (meal_id, ingredient_id) VALUES (26,25);
INSERT INTO ltmeal_has_ingredient (meal_id, ingredient_id) VALUES (27,3);
INSERT INTO ltmeal_has_ingredient (meal_id, ingredient_id) VALUES (27,6);
INSERT INTO ltmeal_has_ingredient (meal_id, ingredient_id) VALUES (27,11);
INSERT INTO ltmeal_has_ingredient (meal_id, ingredient_id) VALUES (28,13);
INSERT INTO ltmeal_has_ingredient (meal_id, ingredient_id) VALUES (28,18);
INSERT INTO ltmeal_has_ingredient (meal_id, ingredient_id) VALUES (28,26);
INSERT INTO ltmeal_has_ingredient (meal_id, ingredient_id) VALUES (28,28);
INSERT INTO ltmeal_has_ingredient (meal_id, ingredient_id) VALUES (29,7);
INSERT INTO ltmeal_has_ingredient (meal_id, ingredient_id) VALUES (29,26);
INSERT INTO ltmeal_has_ingredient (meal_id, ingredient_id) VALUES (31,15);
INSERT INTO ltmeal_has_ingredient (meal_id, ingredient_id) VALUES (31,18);
INSERT INTO ltmeal_has_ingredient (meal_id, ingredient_id) VALUES (31,20);
INSERT INTO ltmeal_has_ingredient (meal_id, ingredient_id) VALUES (34,18);
INSERT INTO ltmeal_has_ingredient (meal_id, ingredient_id) VALUES (34,20);
INSERT INTO ltmeal_has_ingredient (meal_id, ingredient_id) VALUES (34,22);
INSERT INTO ltmeal_has_ingredient (meal_id, ingredient_id) VALUES (35,24);
INSERT INTO ltmeal_has_ingredient (meal_id, ingredient_id) VALUES (36,11);
INSERT INTO ltmeal_has_ingredient (meal_id, ingredient_id) VALUES (38,8);
INSERT INTO ltmeal_has_ingredient (meal_id, ingredient_id) VALUES (38,24);
INSERT INTO ltmeal_has_ingredient (meal_id, ingredient_id) VALUES (38,20);
INSERT INTO ltmeal_has_ingredient (meal_id, ingredient_id) VALUES (39,10);
INSERT INTO ltmeal_has_ingredient (meal_id, ingredient_id) VALUES (39,24);
INSERT INTO ltmeal_has_ingredient (meal_id, ingredient_id) VALUES (40,2);
INSERT INTO ltmeal_has_ingredient (meal_id, ingredient_id) VALUES (40,15);
INSERT INTO ltmeal_has_ingredient (meal_id, ingredient_id) VALUES (40,21);
INSERT INTO ltmeal_has_ingredient (meal_id, ingredient_id) VALUES (40,23);
INSERT INTO ltmeal_has_ingredient (meal_id, ingredient_id) VALUES (41,16);
INSERT INTO ltmeal_has_ingredient (meal_id, ingredient_id) VALUES (41,25);

-- ************
-- Menu
-- ************
INSERT INTO ltmenu (id, status, label, description, price_df, available_for_weeks, image_id) VALUES (1,0,'Menu - 1',NULL,17.21,'S1S,S23S,S26S,S47S',75);
INSERT INTO ltmenu (id, status, label, description, price_df, available_for_weeks, image_id) VALUES (2,0,'Menu - 2',NULL,15.01,NULL,75);
INSERT INTO ltmenu (id, status, label, description, price_df, available_for_weeks, image_id) VALUES (3,0,'Menu - 3',NULL,6.98,NULL,75);
INSERT INTO ltmenu (id, status, label, description, price_df, available_for_weeks, image_id) VALUES (4,0,'Menu - 4',NULL,12.10,'S33S,S4S,S44S,S30S',75);
INSERT INTO ltmenu (id, status, label, description, price_df, available_for_weeks, image_id) VALUES (5,0,'Menu - 5',NULL,13.30,'S33S,S19S,S5S,S45S',75);
INSERT INTO ltmenu (id, status, label, description, price_df, available_for_weeks, image_id) VALUES (6,0,'Menu - 6',NULL,9.88,'S16S,S36S,S6S,S39S',75);
INSERT INTO ltmenu (id, status, label, description, price_df, available_for_weeks, image_id) VALUES (7,0,'Menu - 7',NULL,6.72,NULL,75);
INSERT INTO ltmenu (id, status, label, description, price_df, available_for_weeks, image_id) VALUES (8,0,'Menu - 8',NULL,23.71,NULL,75);
INSERT INTO ltmenu (id, status, label, description, price_df, available_for_weeks, image_id) VALUES (9,0,'Menu - 9',NULL,21.04,'S51S,S9S,S27S',75);
INSERT INTO ltmenu (id, status, label, description, price_df, available_for_weeks, image_id) VALUES (10,0,'Menu - 10',NULL,8.99,NULL,75);
INSERT INTO ltmenu (id, status, label, description, price_df, available_for_weeks, image_id) VALUES (11,0,'Menu - 11',NULL,10.11,NULL,75);
INSERT INTO ltmenu (id, status, label, description, price_df, available_for_weeks, image_id) VALUES (12,0,'Menu - 12',NULL,18.49,NULL,75);
INSERT INTO ltmenu (id, status, label, description, price_df, available_for_weeks, image_id) VALUES (13,0,'Menu - 13',NULL,5.02,'S32S,S21S,S13S,S14S',75);
INSERT INTO ltmenu (id, status, label, description, price_df, available_for_weeks, image_id) VALUES (14,0,'Menu - 14',NULL,8.83,'S26S,S27S,S14S',75);
INSERT INTO ltmenu (id, status, label, description, price_df, available_for_weeks, image_id) VALUES (15,0,'Menu - 15',NULL,5.98,NULL,75);
INSERT INTO ltmenu (id, status, label, description, price_df, available_for_weeks, image_id) VALUES (16,0,'Menu - 16',NULL,22.00,'S16S,S5S,S38S,S29S',75);
INSERT INTO ltmenu (id, status, label, description, price_df, available_for_weeks, image_id) VALUES (17,0,'Menu - 17',NULL,23.66,'S17S,S44S,S45S,S47S',75);
INSERT INTO ltmenu (id, status, label, description, price_df, available_for_weeks, image_id) VALUES (18,0,'Menu - 18',NULL,12.05,'S1S,S18S,S22S,S45S',75);
INSERT INTO ltmenu (id, status, label, description, price_df, available_for_weeks, image_id) VALUES (19,0,'Menu - 19',NULL,15.28,'S19S,S35S,S12S,S45S',75);
INSERT INTO ltmenu (id, status, label, description, price_df, available_for_weeks, image_id) VALUES (20,0,'Menu - 20',NULL,24.41,'S32S,S20S,S24S,S46S',75);
INSERT INTO ltmenu (id, status, label, description, price_df, available_for_weeks, image_id) VALUES (21,0,'Menu - 21',NULL,22.70,NULL,75);
INSERT INTO ltmenu (id, status, label, description, price_df, available_for_weeks, image_id) VALUES (22,0,'Menu - 22',NULL,11.34,NULL,75);
INSERT INTO ltmenu (id, status, label, description, price_df, available_for_weeks, image_id) VALUES (23,0,'Menu - 23',NULL,9.35,NULL,75);
INSERT INTO ltmenu (id, status, label, description, price_df, available_for_weeks, image_id) VALUES (24,0,'Menu - 24',NULL,6.75,'S19S,S23S,S24S,S14S',75);
INSERT INTO ltmenu (id, status, label, description, price_df, available_for_weeks, image_id) VALUES (25,0,'Menu - 25',NULL,12.86,'S1S,S23S,S25S',75);
INSERT INTO ltmenu (id, status, label, description, price_df, available_for_weeks, image_id) VALUES (26,0,'Menu - 26',NULL,6.21,'S52S,S37S,S40S,S26S',75);
INSERT INTO ltmenu (id, status, label, description, price_df, available_for_weeks, image_id) VALUES (27,0,'Menu - 27',NULL,10.50,'S19S,S26S,S27S,S14S',75);
INSERT INTO ltmenu (id, status, label, description, price_df, available_for_weeks, image_id) VALUES (28,0,'Menu - 28',NULL,16.76,'S16S,S3S,S28S,S44S',75);
INSERT INTO ltmenu (id, status, label, description, price_df, available_for_weeks, image_id) VALUES (29,0,'Menu - 29',NULL,5.32,'S40S,S27S,S29S',75);
INSERT INTO ltmenu (id, status, label, description, price_df, available_for_weeks, image_id) VALUES (30,0,'Menu - 30',NULL,13.46,NULL,75);
INSERT INTO ltmenu (id, status, label, description, price_df, available_for_weeks, image_id) VALUES (31,0,'Menu - 31',NULL,18.48,NULL,75);
INSERT INTO ltmenu (id, status, label, description, price_df, available_for_weeks, image_id) VALUES (32,0,'Menu - 32',NULL,16.28,NULL,75);
INSERT INTO ltmenu (id, status, label, description, price_df, available_for_weeks, image_id) VALUES (33,0,'Menu - 33',NULL,9.62,'S48S,S33S,S2S,S42S',75);
INSERT INTO ltmenu (id, status, label, description, price_df, available_for_weeks, image_id) VALUES (34,0,'Menu - 34',NULL,10.55,'S16S,S1S,S34S,S22S',75);
INSERT INTO ltmenu (id, status, label, description, price_df, available_for_weeks, image_id) VALUES (35,0,'Menu - 35',NULL,18.83,NULL,75);
INSERT INTO ltmenu (id, status, label, description, price_df, available_for_weeks, image_id) VALUES (36,0,'Menu - 36',NULL,9.03,NULL,75);
INSERT INTO ltmenu (id, status, label, description, price_df, available_for_weeks, image_id) VALUES (37,0,'Menu - 37',NULL,21.41,'S37S,S5S,S42S,S15S',75);
INSERT INTO ltmenu (id, status, label, description, price_df, available_for_weeks, image_id) VALUES (38,0,'Menu - 38',NULL,17.09,'S38S,S7S,S27S,S31S',75);
INSERT INTO ltmenu (id, status, label, description, price_df, available_for_weeks, image_id) VALUES (39,0,'Menu - 39',NULL,7.78,'S1S,S22S,S39S,S40S',75);
INSERT INTO ltmenu (id, status, label, description, price_df, available_for_weeks, image_id) VALUES (40,0,'Menu - 40',NULL,14.80,NULL,75);
INSERT INTO ltmenu (id, status, label, description, price_df, available_for_weeks, image_id) VALUES (41,0,'Menu - 41',NULL,13.08,'S3S,S39S,S41S,S45S',75);
INSERT INTO ltmenu (id, status, label, description, price_df, available_for_weeks, image_id) VALUES (42,0,'Menu - 42',NULL,5.08,'S1S,S34S,S23S,S42S',75);
INSERT INTO ltmenu (id, status, label, description, price_df, available_for_weeks, image_id) VALUES (43,0,'Menu - 43',NULL,13.86,NULL,75);
INSERT INTO ltmenu (id, status, label, description, price_df, available_for_weeks, image_id) VALUES (44,0,'Menu - 44',NULL,7.86,NULL,75);
INSERT INTO ltmenu (id, status, label, description, price_df, available_for_weeks, image_id) VALUES (45,0,'Menu - 45',NULL,24.93,'S1S,S52S,S28S,S45S',75);
INSERT INTO ltmenu (id, status, label, description, price_df, available_for_weeks, image_id) VALUES (46,0,'Menu - 46',NULL,18.03,NULL,75);
INSERT INTO ltmenu (id, status, label, description, price_df, available_for_weeks, image_id) VALUES (47,0,'Menu - 47',NULL,16.90,NULL,75);
INSERT INTO ltmenu (id, status, label, description, price_df, available_for_weeks, image_id) VALUES (48,0,'Menu - 48',NULL,24.97,NULL,75);
INSERT INTO ltmenu (id, status, label, description, price_df, available_for_weeks, image_id) VALUES (49,0,'Menu - 49',NULL,23.85,NULL,75);
INSERT INTO ltmenu (id, status, label, description, price_df, available_for_weeks, image_id) VALUES (50,0,'Menu - 50',NULL,6.38,NULL,75);
INSERT INTO ltmenu (id, status, label, description, price_df, available_for_weeks, image_id) VALUES (51,0,'Menu - 51',NULL,19.68,NULL,75);
INSERT INTO ltmenu (id, status, label, description, price_df, available_for_weeks, image_id) VALUES (52,0,'Menu - 52',NULL,23.02,'S48S,S52S,S5S,S43S',75);
INSERT INTO ltmenu (id, status, label, description, price_df, available_for_weeks, image_id) VALUES (53,0,'Menu - 53',NULL,10.93,NULL,75);
INSERT INTO ltmenu (id, status, label, description, price_df, available_for_weeks, image_id) VALUES (54,0,'Menu - 54',NULL,7.41,NULL,75);
INSERT INTO ltmenu (id, status, label, description, price_df, available_for_weeks, image_id) VALUES (55,0,'Menu - 55',NULL,14.69,NULL,75);
INSERT INTO ltmenu (id, status, label, description, price_df, available_for_weeks, image_id) VALUES (56,0,'Menu - 56',NULL,7.79,'S34S,S8S,S43S',75);
INSERT INTO ltmenu (id, status, label, description, price_df, available_for_weeks, image_id) VALUES (57,0,'Menu - 57',NULL,19.03,'S23S,S9S,S25S',75);
INSERT INTO ltmenu (id, status, label, description, price_df, available_for_weeks, image_id) VALUES (58,0,'Menu - 58',NULL,9.41,NULL,75);
INSERT INTO ltmenu (id, status, label, description, price_df, available_for_weeks, image_id) VALUES (59,0,'Menu - 59',NULL,5.58,'S5S,S26S',75);
INSERT INTO ltmenu (id, status, label, description, price_df, available_for_weeks, image_id) VALUES (60,0,'Menu - 60',NULL,18.97,NULL,75);

-- ************
-- Menu Has Meal
-- ************
INSERT INTO ltmenu_has_meal (menu_id, meal_id) VALUES (1,3);
INSERT INTO ltmenu_has_meal (menu_id, meal_id) VALUES (2,5);
INSERT INTO ltmenu_has_meal (menu_id, meal_id) VALUES (2,19);
INSERT INTO ltmenu_has_meal (menu_id, meal_id) VALUES (2,40);
INSERT INTO ltmenu_has_meal (menu_id, meal_id) VALUES (3,27);
INSERT INTO ltmenu_has_meal (menu_id, meal_id) VALUES (3,31);
INSERT INTO ltmenu_has_meal (menu_id, meal_id) VALUES (4,34);
INSERT INTO ltmenu_has_meal (menu_id, meal_id) VALUES (4,38);
INSERT INTO ltmenu_has_meal (menu_id, meal_id) VALUES (8,1);
INSERT INTO ltmenu_has_meal (menu_id, meal_id) VALUES (8,29);
INSERT INTO ltmenu_has_meal (menu_id, meal_id) VALUES (8,38);
INSERT INTO ltmenu_has_meal (menu_id, meal_id) VALUES (9,5);
INSERT INTO ltmenu_has_meal (menu_id, meal_id) VALUES (9,41);
INSERT INTO ltmenu_has_meal (menu_id, meal_id) VALUES (10,4);
INSERT INTO ltmenu_has_meal (menu_id, meal_id) VALUES (10,5);
INSERT INTO ltmenu_has_meal (menu_id, meal_id) VALUES (10,8);
INSERT INTO ltmenu_has_meal (menu_id, meal_id) VALUES (11,24);
INSERT INTO ltmenu_has_meal (menu_id, meal_id) VALUES (11,35);
INSERT INTO ltmenu_has_meal (menu_id, meal_id) VALUES (13,6);
INSERT INTO ltmenu_has_meal (menu_id, meal_id) VALUES (13,27);
INSERT INTO ltmenu_has_meal (menu_id, meal_id) VALUES (13,34);
INSERT INTO ltmenu_has_meal (menu_id, meal_id) VALUES (14,12);
INSERT INTO ltmenu_has_meal (menu_id, meal_id) VALUES (14,16);
INSERT INTO ltmenu_has_meal (menu_id, meal_id) VALUES (14,20);
INSERT INTO ltmenu_has_meal (menu_id, meal_id) VALUES (14,37);
INSERT INTO ltmenu_has_meal (menu_id, meal_id) VALUES (15,3);
INSERT INTO ltmenu_has_meal (menu_id, meal_id) VALUES (16,11);
INSERT INTO ltmenu_has_meal (menu_id, meal_id) VALUES (16,23);
INSERT INTO ltmenu_has_meal (menu_id, meal_id) VALUES (17,3);
INSERT INTO ltmenu_has_meal (menu_id, meal_id) VALUES (18,13);
INSERT INTO ltmenu_has_meal (menu_id, meal_id) VALUES (18,27);
INSERT INTO ltmenu_has_meal (menu_id, meal_id) VALUES (18,35);
INSERT INTO ltmenu_has_meal (menu_id, meal_id) VALUES (18,36);
INSERT INTO ltmenu_has_meal (menu_id, meal_id) VALUES (19,22);
INSERT INTO ltmenu_has_meal (menu_id, meal_id) VALUES (21,15);
INSERT INTO ltmenu_has_meal (menu_id, meal_id) VALUES (23,40);
INSERT INTO ltmenu_has_meal (menu_id, meal_id) VALUES (23,41);
INSERT INTO ltmenu_has_meal (menu_id, meal_id) VALUES (24,11);
INSERT INTO ltmenu_has_meal (menu_id, meal_id) VALUES (25,16);
INSERT INTO ltmenu_has_meal (menu_id, meal_id) VALUES (25,18);
INSERT INTO ltmenu_has_meal (menu_id, meal_id) VALUES (25,34);
INSERT INTO ltmenu_has_meal (menu_id, meal_id) VALUES (26,2);
INSERT INTO ltmenu_has_meal (menu_id, meal_id) VALUES (26,27);
INSERT INTO ltmenu_has_meal (menu_id, meal_id) VALUES (27,3);
INSERT INTO ltmenu_has_meal (menu_id, meal_id) VALUES (27,25);
INSERT INTO ltmenu_has_meal (menu_id, meal_id) VALUES (27,40);
INSERT INTO ltmenu_has_meal (menu_id, meal_id) VALUES (28,12);
INSERT INTO ltmenu_has_meal (menu_id, meal_id) VALUES (28,23);
INSERT INTO ltmenu_has_meal (menu_id, meal_id) VALUES (29,22);
INSERT INTO ltmenu_has_meal (menu_id, meal_id) VALUES (29,33);
INSERT INTO ltmenu_has_meal (menu_id, meal_id) VALUES (29,34);
INSERT INTO ltmenu_has_meal (menu_id, meal_id) VALUES (29,38);
INSERT INTO ltmenu_has_meal (menu_id, meal_id) VALUES (30,4);
INSERT INTO ltmenu_has_meal (menu_id, meal_id) VALUES (31,21);
INSERT INTO ltmenu_has_meal (menu_id, meal_id) VALUES (31,22);
INSERT INTO ltmenu_has_meal (menu_id, meal_id) VALUES (31,25);
INSERT INTO ltmenu_has_meal (menu_id, meal_id) VALUES (31,35);
INSERT INTO ltmenu_has_meal (menu_id, meal_id) VALUES (32,6);
INSERT INTO ltmenu_has_meal (menu_id, meal_id) VALUES (32,11);
INSERT INTO ltmenu_has_meal (menu_id, meal_id) VALUES (32,17);
INSERT INTO ltmenu_has_meal (menu_id, meal_id) VALUES (33,16);
INSERT INTO ltmenu_has_meal (menu_id, meal_id) VALUES (33,19);
INSERT INTO ltmenu_has_meal (menu_id, meal_id) VALUES (34,8);
INSERT INTO ltmenu_has_meal (menu_id, meal_id) VALUES (34,36);
INSERT INTO ltmenu_has_meal (menu_id, meal_id) VALUES (34,41);
INSERT INTO ltmenu_has_meal (menu_id, meal_id) VALUES (36,10);
INSERT INTO ltmenu_has_meal (menu_id, meal_id) VALUES (36,11);
INSERT INTO ltmenu_has_meal (menu_id, meal_id) VALUES (36,17);
INSERT INTO ltmenu_has_meal (menu_id, meal_id) VALUES (36,24);
INSERT INTO ltmenu_has_meal (menu_id, meal_id) VALUES (37,4);
INSERT INTO ltmenu_has_meal (menu_id, meal_id) VALUES (37,10);
INSERT INTO ltmenu_has_meal (menu_id, meal_id) VALUES (37,14);
INSERT INTO ltmenu_has_meal (menu_id, meal_id) VALUES (37,25);
INSERT INTO ltmenu_has_meal (menu_id, meal_id) VALUES (39,1);
INSERT INTO ltmenu_has_meal (menu_id, meal_id) VALUES (39,26);
INSERT INTO ltmenu_has_meal (menu_id, meal_id) VALUES (39,34);
INSERT INTO ltmenu_has_meal (menu_id, meal_id) VALUES (41,12);
INSERT INTO ltmenu_has_meal (menu_id, meal_id) VALUES (41,29);
INSERT INTO ltmenu_has_meal (menu_id, meal_id) VALUES (41,31);
INSERT INTO ltmenu_has_meal (menu_id, meal_id) VALUES (42,25);
INSERT INTO ltmenu_has_meal (menu_id, meal_id) VALUES (42,27);
INSERT INTO ltmenu_has_meal (menu_id, meal_id) VALUES (43,4);
INSERT INTO ltmenu_has_meal (menu_id, meal_id) VALUES (43,11);
INSERT INTO ltmenu_has_meal (menu_id, meal_id) VALUES (43,23);
INSERT INTO ltmenu_has_meal (menu_id, meal_id) VALUES (43,29);
INSERT INTO ltmenu_has_meal (menu_id, meal_id) VALUES (45,16);
INSERT INTO ltmenu_has_meal (menu_id, meal_id) VALUES (46,6);
INSERT INTO ltmenu_has_meal (menu_id, meal_id) VALUES (46,26);
INSERT INTO ltmenu_has_meal (menu_id, meal_id) VALUES (47,15);
INSERT INTO ltmenu_has_meal (menu_id, meal_id) VALUES (47,24);
INSERT INTO ltmenu_has_meal (menu_id, meal_id) VALUES (47,28);
INSERT INTO ltmenu_has_meal (menu_id, meal_id) VALUES (48,4);
INSERT INTO ltmenu_has_meal (menu_id, meal_id) VALUES (48,36);
INSERT INTO ltmenu_has_meal (menu_id, meal_id) VALUES (49,7);
INSERT INTO ltmenu_has_meal (menu_id, meal_id) VALUES (49,33);
INSERT INTO ltmenu_has_meal (menu_id, meal_id) VALUES (49,38);
INSERT INTO ltmenu_has_meal (menu_id, meal_id) VALUES (49,40);
INSERT INTO ltmenu_has_meal (menu_id, meal_id) VALUES (50,26);
INSERT INTO ltmenu_has_meal (menu_id, meal_id) VALUES (51,12);
INSERT INTO ltmenu_has_meal (menu_id, meal_id) VALUES (51,19);
INSERT INTO ltmenu_has_meal (menu_id, meal_id) VALUES (53,17);
INSERT INTO ltmenu_has_meal (menu_id, meal_id) VALUES (54,4);
INSERT INTO ltmenu_has_meal (menu_id, meal_id) VALUES (54,7);
INSERT INTO ltmenu_has_meal (menu_id, meal_id) VALUES (54,34);
INSERT INTO ltmenu_has_meal (menu_id, meal_id) VALUES (55,30);
INSERT INTO ltmenu_has_meal (menu_id, meal_id) VALUES (55,39);
INSERT INTO ltmenu_has_meal (menu_id, meal_id) VALUES (56,1);
INSERT INTO ltmenu_has_meal (menu_id, meal_id) VALUES (56,11);
INSERT INTO ltmenu_has_meal (menu_id, meal_id) VALUES (56,29);
INSERT INTO ltmenu_has_meal (menu_id, meal_id) VALUES (56,35);
INSERT INTO ltmenu_has_meal (menu_id, meal_id) VALUES (57,4);
INSERT INTO ltmenu_has_meal (menu_id, meal_id) VALUES (57,25);
INSERT INTO ltmenu_has_meal (menu_id, meal_id) VALUES (60,2);
INSERT INTO ltmenu_has_meal (menu_id, meal_id) VALUES (60,8);


-- ************
-- Order
-- ************
INSERT INTO ltorder (id, status, user_id, creation_date, creation_time) VALUES (1,0,73,'2019-03-02', '09:30:00');
INSERT INTO ltorder (id, status, user_id, creation_date, creation_time) VALUES (2,0,94,'2019-04-02', '09:30:00');
INSERT INTO ltorder (id, status, user_id, creation_date, creation_time) VALUES (3,0,25,'2019-05-02', '09:30:00');
INSERT INTO ltorder (id, status, user_id, creation_date, creation_time) VALUES (4,0,82,'2019-06-02', '09:30:00');
INSERT INTO ltorder (id, status, user_id, creation_date, creation_time) VALUES (5,0,12,'2019-07-02', '09:30:00');
INSERT INTO ltorder (id, status, user_id, creation_date, creation_time) VALUES (6,0,2,'2019-08-02', '09:30:00');
INSERT INTO ltorder (id, status, user_id, creation_date, creation_time) VALUES (7,0,72,'2019-09-02', '09:30:00');
INSERT INTO ltorder (id, status, user_id, creation_date, creation_time) VALUES (8,0,14,'2019-10-02', '09:30:00');
INSERT INTO ltorder (id, status, user_id, creation_date, creation_time) VALUES (9,0,15,'2019-01-02', '09:30:00');
INSERT INTO ltorder (id, status, user_id, creation_date, creation_time) VALUES (10,0,28,'2019-02-02', '09:30:00');
INSERT INTO ltorder (id, status, user_id, creation_date, creation_time) VALUES (11,0,82,'2019-11-02', '09:30:00');
INSERT INTO ltorder (id, status, user_id, creation_date, creation_time) VALUES (12,0,61,'2019-12-02', '09:30:00');
INSERT INTO ltorder (id, status, user_id, creation_date, creation_time) VALUES (13,0,2,'2019-01-02', '09:30:00');
INSERT INTO ltorder (id, status, user_id, creation_date, creation_time) VALUES (14,0,3,'2019-02-02', '09:30:00');
INSERT INTO ltorder (id, status, user_id, creation_date, creation_time) VALUES (15,0,73,'2019-03-02', '09:30:00');
INSERT INTO ltorder (id, status, user_id, creation_date, creation_time) VALUES (16,0,76,'2019-04-02', '09:30:00');
INSERT INTO ltorder (id, status, user_id, creation_date, creation_time) VALUES (17,0,80,'2019-05-02', '09:30:00');
INSERT INTO ltorder (id, status, user_id, creation_date, creation_time) VALUES (18,0,93,'2019-06-02', '09:30:00');
INSERT INTO ltorder (id, status, user_id, creation_date, creation_time) VALUES (19,0,66,'2019-07-02', '09:30:00');
INSERT INTO ltorder (id, status, user_id, creation_date, creation_time) VALUES (20,0,39,'2019-08-02', '09:30:00');
INSERT INTO ltorder (id, status, user_id, creation_date, creation_time) VALUES (21,0,67,'2019-09-02', '09:30:00');
INSERT INTO ltorder (id, status, user_id, creation_date, creation_time) VALUES (22,0,20,'2019-10-02', '09:30:00');
INSERT INTO ltorder (id, status, user_id, creation_date, creation_time) VALUES (23,0,39,'2019-11-02', '09:30:00');
INSERT INTO ltorder (id, status, user_id, creation_date, creation_time) VALUES (24,0,79,'2019-12-02', '09:30:00');
INSERT INTO ltorder (id, status, user_id, creation_date, creation_time) VALUES (25,0,25,'2019-01-02', '09:30:00');
INSERT INTO ltorder (id, status, user_id, creation_date, creation_time) VALUES (26,0,91,'2019-02-02', '09:30:00');
INSERT INTO ltorder (id, status, user_id, creation_date, creation_time) VALUES (27,0,7,'2019-03-02', '09:30:00');
INSERT INTO ltorder (id, status, user_id, creation_date, creation_time) VALUES (28,0,27,'2019-04-02', '09:30:00');
INSERT INTO ltorder (id, status, user_id, creation_date, creation_time) VALUES (29,0,6,'2019-05-02', '09:30:00');
INSERT INTO ltorder (id, status, user_id, creation_date, creation_time) VALUES (30,0,57,'2019-06-02', '09:30:00');
INSERT INTO ltorder (id, status, user_id, creation_date, creation_time) VALUES (31,0,71,'2019-07-02', '09:30:00');
INSERT INTO ltorder (id, status, user_id, creation_date, creation_time) VALUES (32,0,75,'2019-08-02', '09:30:00');
INSERT INTO ltorder (id, status, user_id, creation_date, creation_time) VALUES (33,0,16,'2019-09-02', '09:30:00');
INSERT INTO ltorder (id, status, user_id, creation_date, creation_time) VALUES (34,0,36,'2019-10-02', '09:30:00');
INSERT INTO ltorder (id, status, user_id, creation_date, creation_time) VALUES (35,0,51,'2019-11-02', '09:30:00');
INSERT INTO ltorder (id, status, user_id, creation_date, creation_time) VALUES (36,0,71,'2019-12-02', '09:30:00');
INSERT INTO ltorder (id, status, user_id, creation_date, creation_time) VALUES (37,0,23,'2019-01-02', '09:30:00');
INSERT INTO ltorder (id, status, user_id, creation_date, creation_time) VALUES (38,0,50,'2019-02-02', '09:30:00');
INSERT INTO ltorder (id, status, user_id, creation_date, creation_time) VALUES (39,0,100,'2019-03-02', '09:30:00');
INSERT INTO ltorder (id, status, user_id, creation_date, creation_time) VALUES (40,0,74,'2019-04-02', '09:30:00');
INSERT INTO ltorder (id, status, user_id, creation_date, creation_time) VALUES (41,0,4,'2019-05-02', '09:30:00');
INSERT INTO ltorder (id, status, user_id, creation_date, creation_time) VALUES (42,0,60,'2019-06-02', '09:30:00');
INSERT INTO ltorder (id, status, user_id, creation_date, creation_time) VALUES (43,0,31,'2019-07-02', '09:30:00');
INSERT INTO ltorder (id, status, user_id, creation_date, creation_time) VALUES (44,0,22,'2019-08-02', '09:30:00');
INSERT INTO ltorder (id, status, user_id, creation_date, creation_time) VALUES (45,0,43,'2019-09-02', '09:30:00');
INSERT INTO ltorder (id, status, user_id, creation_date, creation_time) VALUES (46,0,74,'2019-10-02', '09:30:00');
INSERT INTO ltorder (id, status, user_id, creation_date, creation_time) VALUES (47,0,28,'2019-11-02', '09:30:00');
INSERT INTO ltorder (id, status, user_id, creation_date, creation_time) VALUES (48,0,13,'2019-12-02', '09:30:00');
INSERT INTO ltorder (id, status, user_id, creation_date, creation_time) VALUES (49,0,49,'2019-01-02', '09:30:00');
INSERT INTO ltorder (id, status, user_id, creation_date, creation_time) VALUES (50,0,20,'2019-02-02', '09:30:00');
INSERT INTO ltorder (id, status, user_id, creation_date, creation_time) VALUES (51,0,1,'2019-03-02', '09:30:00');
INSERT INTO ltorder (id, status, user_id, creation_date, creation_time) VALUES (52,0,33,'2019-04-02', '09:30:00');
INSERT INTO ltorder (id, status, user_id, creation_date, creation_time) VALUES (53,0,34,'2019-05-02', '09:30:00');
INSERT INTO ltorder (id, status, user_id, creation_date, creation_time) VALUES (54,0,61,'2019-06-02', '09:30:00');
INSERT INTO ltorder (id, status, user_id, creation_date, creation_time) VALUES (55,0,36,'2019-07-02', '09:30:00');
INSERT INTO ltorder (id, status, user_id, creation_date, creation_time) VALUES (56,0,48,'2019-08-02', '09:30:00');
INSERT INTO ltorder (id, status, user_id, creation_date, creation_time) VALUES (57,0,40,'2019-09-02', '09:30:00');
INSERT INTO ltorder (id, status, user_id, creation_date, creation_time) VALUES (58,0,30,'2019-10-02', '09:30:00');
INSERT INTO ltorder (id, status, user_id, creation_date, creation_time) VALUES (59,0,22,'2019-11-02', '09:30:00');
INSERT INTO ltorder (id, status, user_id, creation_date, creation_time) VALUES (60,0,83,'2019-12-02', '09:30:00');
INSERT INTO ltorder (id, status, user_id, creation_date, creation_time) VALUES (61,0,7,'2019-03-01', '09:30:00');
INSERT INTO ltorder (id, status, user_id, creation_date, creation_time) VALUES (62,0,16,'2019-03-02', '09:30:00');
INSERT INTO ltorder (id, status, user_id, creation_date, creation_time) VALUES (63,0,5,'2019-03-03', '09:30:00');
INSERT INTO ltorder (id, status, user_id, creation_date, creation_time) VALUES (64,0,38,'2019-03-04', '09:30:00');
INSERT INTO ltorder (id, status, user_id, creation_date, creation_time) VALUES (65,0,6,'2019-03-05', '09:30:00');
INSERT INTO ltorder (id, status, user_id, creation_date, creation_time) VALUES (66,0,59,'2019-03-06', '09:30:00');
INSERT INTO ltorder (id, status, user_id, creation_date, creation_time) VALUES (67,0,23,'2019-03-07', '09:30:00');
INSERT INTO ltorder (id, status, user_id, creation_date, creation_time) VALUES (68,0,76,'2019-03-08', '09:30:00');
INSERT INTO ltorder (id, status, user_id, creation_date, creation_time) VALUES (69,0,41,'2019-03-09', '09:30:00');
INSERT INTO ltorder (id, status, user_id, creation_date, creation_time) VALUES (70,0,29,'2019-03-10', '09:30:00');
INSERT INTO ltorder (id, status, user_id, creation_date, creation_time) VALUES (71,0,66,'2019-03-11', '09:30:00');
INSERT INTO ltorder (id, status, user_id, creation_date, creation_time) VALUES (72,0,14,'2019-03-12', '09:30:00');
INSERT INTO ltorder (id, status, user_id, creation_date, creation_time) VALUES (73,0,99,'2019-03-13', '09:30:00');
INSERT INTO ltorder (id, status, user_id, creation_date, creation_time) VALUES (74,0,29,'2019-03-14', '09:30:00');
INSERT INTO ltorder (id, status, user_id, creation_date, creation_time) VALUES (75,0,44,'2019-03-15', '09:30:00');
INSERT INTO ltorder (id, status, user_id, creation_date, creation_time) VALUES (76,0,72,'2019-03-16', '09:30:00');
INSERT INTO ltorder (id, status, user_id, creation_date, creation_time) VALUES (77,0,88,'2019-03-17', '09:30:00');
INSERT INTO ltorder (id, status, user_id, creation_date, creation_time) VALUES (78,0,97,'2019-03-18', '09:30:00');
INSERT INTO ltorder (id, status, user_id, creation_date, creation_time) VALUES (79,0,73,'2019-03-19', '09:30:00');
INSERT INTO ltorder (id, status, user_id, creation_date, creation_time) VALUES (80,0,9,'2019-03-20', '09:30:00');
INSERT INTO ltorder (id, status, user_id, creation_date, creation_time) VALUES (81,0,90,'2019-03-21', '09:30:00');
INSERT INTO ltorder (id, status, user_id, creation_date, creation_time) VALUES (82,0,7,'2019-03-22', '09:30:00');
INSERT INTO ltorder (id, status, user_id, creation_date, creation_time) VALUES (83,0,45,'2019-03-23', '09:30:00');
INSERT INTO ltorder (id, status, user_id, creation_date, creation_time) VALUES (84,0,4,'2019-03-24', '09:30:00');
INSERT INTO ltorder (id, status, user_id, creation_date, creation_time) VALUES (85,0,21,'2019-03-25', '09:30:00');
INSERT INTO ltorder (id, status, user_id, creation_date, creation_time) VALUES (86,0,44,'2019-03-26', '09:30:00');
INSERT INTO ltorder (id, status, user_id, creation_date, creation_time) VALUES (87,0,46,'2019-03-27', '09:30:00');
INSERT INTO ltorder (id, status, user_id, creation_date, creation_time) VALUES (88,0,33,'2019-03-28', '09:30:00');
INSERT INTO ltorder (id, status, user_id, creation_date, creation_time) VALUES (89,0,33,'2019-03-29', '09:30:00');
INSERT INTO ltorder (id, status, user_id, creation_date, creation_time) VALUES (90,0,95,'2019-03-30', '09:30:00');
INSERT INTO ltorder (id, status, user_id, creation_date, creation_time) VALUES (91,0,80,'2019-04-02', '09:30:00');
INSERT INTO ltorder (id, status, user_id, creation_date, creation_time) VALUES (92,0,17,'2019-05-02', '09:30:00');
INSERT INTO ltorder (id, status, user_id, creation_date, creation_time) VALUES (93,0,17,'2019-06-02', '09:30:00');
INSERT INTO ltorder (id, status, user_id, creation_date, creation_time) VALUES (94,0,3,'2019-07-02', '09:30:00');
INSERT INTO ltorder (id, status, user_id, creation_date, creation_time) VALUES (95,0,58,'2019-08-02', '09:30:00');
INSERT INTO ltorder (id, status, user_id, creation_date, creation_time) VALUES (96,0,21,'2019-09-02', '09:30:00');
INSERT INTO ltorder (id, status, user_id, creation_date, creation_time) VALUES (97,0,44,'2019-10-02', '09:30:00');
INSERT INTO ltorder (id, status, user_id, creation_date, creation_time) VALUES (98,0,81,'2019-11-02', '09:30:00');
INSERT INTO ltorder (id, status, user_id, creation_date, creation_time) VALUES (99,0,60,'2019-12-02', '09:30:00');
INSERT INTO ltorder (id, status, user_id, creation_date, creation_time) VALUES (100,0,64,'2020-01-01', '09:30:00');

-- ************
-- Quantity Meal and Menu
-- ************
INSERT INTO ltquantity (id, meal_id, menu_id, quantity) VALUES (1,2,null,2);
INSERT INTO ltquantity (id, meal_id, menu_id, quantity) VALUES (2,12,null,2);
INSERT INTO ltquantity (id, meal_id, menu_id, quantity) VALUES (3,16,null,2);
INSERT INTO ltquantity (id, meal_id, menu_id, quantity) VALUES (4,13,null,1);
INSERT INTO ltquantity (id, meal_id, menu_id, quantity) VALUES (5,5,null,2);
INSERT INTO ltquantity (id, meal_id, menu_id, quantity) VALUES (6,38,null,2);
INSERT INTO ltquantity (id, meal_id, menu_id, quantity) VALUES (7,34,null,1);
INSERT INTO ltquantity (id, meal_id, menu_id, quantity) VALUES (8,34,null,2);
INSERT INTO ltquantity (id, meal_id, menu_id, quantity) VALUES (9,null,3,2);
INSERT INTO ltquantity (id, meal_id, menu_id, quantity) VALUES (10,18,null,2);
INSERT INTO ltquantity (id, meal_id, menu_id, quantity) VALUES (11,37,null,1);
INSERT INTO ltquantity (id, meal_id, menu_id, quantity) VALUES (12,11,null,1);
INSERT INTO ltquantity (id, meal_id, menu_id, quantity) VALUES (13,32,null,1);
INSERT INTO ltquantity (id, meal_id, menu_id, quantity) VALUES (14,13,null,2);
INSERT INTO ltquantity (id, meal_id, menu_id, quantity) VALUES (15,15,null,1);
INSERT INTO ltquantity (id, meal_id, menu_id, quantity) VALUES (16,25,null,2);
INSERT INTO ltquantity (id, meal_id, menu_id, quantity) VALUES (17,5,null,2);
INSERT INTO ltquantity (id, meal_id, menu_id, quantity) VALUES (18,37,null,2);
INSERT INTO ltquantity (id, meal_id, menu_id, quantity) VALUES (19,16,null,2);
INSERT INTO ltquantity (id, meal_id, menu_id, quantity) VALUES (20,7,null,2);
INSERT INTO ltquantity (id, meal_id, menu_id, quantity) VALUES (21,null,1,1);
INSERT INTO ltquantity (id, meal_id, menu_id, quantity) VALUES (22,17,null,2);
INSERT INTO ltquantity (id, meal_id, menu_id, quantity) VALUES (23,14,null,2);
INSERT INTO ltquantity (id, meal_id, menu_id, quantity) VALUES (24,13,null,1);
INSERT INTO ltquantity (id, meal_id, menu_id, quantity) VALUES (25,34,null,1);
INSERT INTO ltquantity (id, meal_id, menu_id, quantity) VALUES (26,null,6,1);
INSERT INTO ltquantity (id, meal_id, menu_id, quantity) VALUES (27,17,null,2);
INSERT INTO ltquantity (id, meal_id, menu_id, quantity) VALUES (28,7,null,2);
INSERT INTO ltquantity (id, meal_id, menu_id, quantity) VALUES (29,38,null,2);
INSERT INTO ltquantity (id, meal_id, menu_id, quantity) VALUES (30,11,null,1);
INSERT INTO ltquantity (id, meal_id, menu_id, quantity) VALUES (31,28,null,1);
INSERT INTO ltquantity (id, meal_id, menu_id, quantity) VALUES (32,33,null,2);
INSERT INTO ltquantity (id, meal_id, menu_id, quantity) VALUES (33,12,null,1);
INSERT INTO ltquantity (id, meal_id, menu_id, quantity) VALUES (34,13,null,2);
INSERT INTO ltquantity (id, meal_id, menu_id, quantity) VALUES (35,3,null,2);
INSERT INTO ltquantity (id, meal_id, menu_id, quantity) VALUES (36,39,null,1);
INSERT INTO ltquantity (id, meal_id, menu_id, quantity) VALUES (37,23,null,1);
INSERT INTO ltquantity (id, meal_id, menu_id, quantity) VALUES (38,20,null,1);
INSERT INTO ltquantity (id, meal_id, menu_id, quantity) VALUES (39,35,null,1);
INSERT INTO ltquantity (id, meal_id, menu_id, quantity) VALUES (40,19,null,2);
INSERT INTO ltquantity (id, meal_id, menu_id, quantity) VALUES (41,19,null,1);
INSERT INTO ltquantity (id, meal_id, menu_id, quantity) VALUES (42,null,5, 1);
INSERT INTO ltquantity (id, meal_id, menu_id, quantity) VALUES (43,34,null,1);
INSERT INTO ltquantity (id, meal_id, menu_id, quantity) VALUES (44,19,null,2);
INSERT INTO ltquantity (id, meal_id, menu_id, quantity) VALUES (45,40,null,2);
INSERT INTO ltquantity (id, meal_id, menu_id, quantity) VALUES (46,35,null,1);
INSERT INTO ltquantity (id, meal_id, menu_id, quantity) VALUES (47,32,null,2);
INSERT INTO ltquantity (id, meal_id, menu_id, quantity) VALUES (48,null,17, 1);
INSERT INTO ltquantity (id, meal_id, menu_id, quantity) VALUES (49,10,null,1);
INSERT INTO ltquantity (id, meal_id, menu_id, quantity) VALUES (50,20,null,1);
INSERT INTO ltquantity (id, meal_id, menu_id, quantity) VALUES (51,8,null,2);
INSERT INTO ltquantity (id, meal_id, menu_id, quantity) VALUES (52,33,null,2);
INSERT INTO ltquantity (id, meal_id, menu_id, quantity) VALUES (53,null,13,1);
INSERT INTO ltquantity (id, meal_id, menu_id, quantity) VALUES (54,8,null,1);
INSERT INTO ltquantity (id, meal_id, menu_id, quantity) VALUES (55,23,null,2);

-- ************
-- Order has Quantity
-- ************
INSERT INTO ltorder_has_quantity (order_id, quantity_id) VALUES (1,1);
INSERT INTO ltorder_has_quantity (order_id, quantity_id) VALUES (3,2);
INSERT INTO ltorder_has_quantity (order_id, quantity_id) VALUES (3,3);
INSERT INTO ltorder_has_quantity (order_id, quantity_id) VALUES (9,4);
INSERT INTO ltorder_has_quantity (order_id, quantity_id) VALUES (11,5);
INSERT INTO ltorder_has_quantity (order_id, quantity_id) VALUES (11,6);
INSERT INTO ltorder_has_quantity (order_id, quantity_id) VALUES (12,7);
INSERT INTO ltorder_has_quantity (order_id, quantity_id) VALUES (13,8);
INSERT INTO ltorder_has_quantity (order_id, quantity_id) VALUES (13,9);
INSERT INTO ltorder_has_quantity (order_id, quantity_id) VALUES (15,10);
INSERT INTO ltorder_has_quantity (order_id, quantity_id) VALUES (15,11);
INSERT INTO ltorder_has_quantity (order_id, quantity_id) VALUES (16,12);
INSERT INTO ltorder_has_quantity (order_id, quantity_id) VALUES (16,13);
INSERT INTO ltorder_has_quantity (order_id, quantity_id) VALUES (17,14);
INSERT INTO ltorder_has_quantity (order_id, quantity_id) VALUES (17,15);
INSERT INTO ltorder_has_quantity (order_id, quantity_id) VALUES (19,16);
INSERT INTO ltorder_has_quantity (order_id, quantity_id) VALUES (26,17);
INSERT INTO ltorder_has_quantity (order_id, quantity_id) VALUES (26,18);
INSERT INTO ltorder_has_quantity (order_id, quantity_id) VALUES (30,19);
INSERT INTO ltorder_has_quantity (order_id, quantity_id) VALUES (30,20);
INSERT INTO ltorder_has_quantity (order_id, quantity_id) VALUES (31,21);
INSERT INTO ltorder_has_quantity (order_id, quantity_id) VALUES (31,22);
INSERT INTO ltorder_has_quantity (order_id, quantity_id) VALUES (33,23);
INSERT INTO ltorder_has_quantity (order_id, quantity_id) VALUES (33,24);
INSERT INTO ltorder_has_quantity (order_id, quantity_id) VALUES (37,25);
INSERT INTO ltorder_has_quantity (order_id, quantity_id) VALUES (37,26);
INSERT INTO ltorder_has_quantity (order_id, quantity_id) VALUES (43,27);
INSERT INTO ltorder_has_quantity (order_id, quantity_id) VALUES (45,28);
INSERT INTO ltorder_has_quantity (order_id, quantity_id) VALUES (45,29);
INSERT INTO ltorder_has_quantity (order_id, quantity_id) VALUES (49,30);
INSERT INTO ltorder_has_quantity (order_id, quantity_id) VALUES (49,31);
INSERT INTO ltorder_has_quantity (order_id, quantity_id) VALUES (51,32);
INSERT INTO ltorder_has_quantity (order_id, quantity_id) VALUES (55,33);
INSERT INTO ltorder_has_quantity (order_id, quantity_id) VALUES (57,34);
INSERT INTO ltorder_has_quantity (order_id, quantity_id) VALUES (60,35);
INSERT INTO ltorder_has_quantity (order_id, quantity_id) VALUES (61,36);
INSERT INTO ltorder_has_quantity (order_id, quantity_id) VALUES (62,37);
INSERT INTO ltorder_has_quantity (order_id, quantity_id) VALUES (62,38);
INSERT INTO ltorder_has_quantity (order_id, quantity_id) VALUES (63,39);
INSERT INTO ltorder_has_quantity (order_id, quantity_id) VALUES (63,40);
INSERT INTO ltorder_has_quantity (order_id, quantity_id) VALUES (64,41);
INSERT INTO ltorder_has_quantity (order_id, quantity_id) VALUES (66,42);
INSERT INTO ltorder_has_quantity (order_id, quantity_id) VALUES (79,43);
INSERT INTO ltorder_has_quantity (order_id, quantity_id) VALUES (82,44);
INSERT INTO ltorder_has_quantity (order_id, quantity_id) VALUES (82,45);
INSERT INTO ltorder_has_quantity (order_id, quantity_id) VALUES (83,46);
INSERT INTO ltorder_has_quantity (order_id, quantity_id) VALUES (83,47);
INSERT INTO ltorder_has_quantity (order_id, quantity_id) VALUES (84,48);
INSERT INTO ltorder_has_quantity (order_id, quantity_id) VALUES (87,49);
INSERT INTO ltorder_has_quantity (order_id, quantity_id) VALUES (87,50);
INSERT INTO ltorder_has_quantity (order_id, quantity_id) VALUES (90,51);
INSERT INTO ltorder_has_quantity (order_id, quantity_id) VALUES (94,52);
INSERT INTO ltorder_has_quantity (order_id, quantity_id) VALUES (97,53);
INSERT INTO ltorder_has_quantity (order_id, quantity_id) VALUES (99,54);
INSERT INTO ltorder_has_quantity (order_id, quantity_id) VALUES (100,55);
